"Country","N0","N","Ft_proba"
"CZ",2,106,0
"CZ",3,106,0
"CZ",4,106,0
"CZ",5,106,0.15
"CZ",6,106,0.0416666666666667
"CZ",7,106,0.107142857142857
"CZ",8,106,0.0625
"CZ",9,106,0.0833333333333333
"CZ",10,106,0.05
"CZ",11,106,0.0227272727272727
"CZ",12,106,0.0208333333333333
"CZ",13,106,0.0384615384615385
"CZ",14,106,0.0357142857142857
"CZ",15,106,0.0333333333333333
"CZ",16,106,0.046875
"CZ",17,106,0.0147058823529412
"CZ",18,106,0.0277777777777778
"CZ",19,106,0.0131578947368421
"CZ",20,106,0.0125
"CZ",21,106,0
"CZ",22,106,0.0113636363636364
"CZ",23,106,0.0108695652173913
"CZ",24,106,0.0208333333333333
"CZ",25,106,0.02
"CZ",26,106,0.0192307692307692
"CZ",27,106,0.00925925925925926
"CZ",28,106,0.0178571428571429
"CZ",29,106,0.00862068965517241
"CZ",30,106,0.0333333333333333
"CZ",31,106,0.032258064516129
"CZ",32,106,0.03125
"CZ",33,106,0.0227272727272727
"CZ",34,106,0.0147058823529412
"CZ",35,106,0.0142857142857143
"CZ",36,106,0.0277777777777778
"CZ",37,106,0.027027027027027
"CZ",38,106,0.0197368421052632
"CZ",39,106,0.0192307692307692
"CZ",40,106,0.0125
"CZ",41,106,0.024390243902439
"CZ",42,106,0.0238095238095238
"CZ",43,106,0.0174418604651163
"CZ",44,106,0.0284090909090909
"CZ",45,106,0.0277777777777778
"CZ",46,106,0.0326086956521739
"CZ",47,106,0.0319148936170213
"CZ",48,106,0.015625
"CZ",49,106,0.0153061224489796
"CZ",50,106,0.02
"CZ",51,106,0.0294117647058824
"CZ",52,106,0.0288461538461538
"CZ",53,106,0.0283018867924528
"CZ",54,106,0.0277777777777778
"CZ",55,106,0.0318181818181818
"CZ",56,106,0.0267857142857143
"CZ",57,106,0.0131578947368421
"CZ",58,106,0.0172413793103448
"CZ",59,106,0.0127118644067797
"CZ",60,106,0.0166666666666667
"CZ",61,106,0.0204918032786885
"CZ",62,106,0.0282258064516129
"CZ",63,106,0.0317460317460317
"CZ",64,106,0.03515625
"CZ",65,106,0.0346153846153846
"CZ",66,106,0.0340909090909091
"CZ",67,106,0.0261194029850746
"CZ",68,106,0.0257352941176471
"CZ",69,106,0.0217391304347826
"CZ",70,106,0.0214285714285714
"CZ",71,106,0.028169014084507
"CZ",72,106,0.03125
"CZ",73,106,0.0308219178082192
"CZ",74,106,0.0337837837837838
"CZ",75,106,0.0233333333333333
"CZ",76,106,0.0263157894736842
"CZ",77,106,0.0292207792207792
"CZ",78,106,0.0256410256410256
"CZ",79,106,0.0253164556962025
"CZ",80,106,0.028125
"CZ",81,106,0.0308641975308642
"CZ",82,106,0.0304878048780488
"CZ",83,106,0.0391566265060241
"CZ",84,106,0.0297619047619048
"CZ",85,106,0.0264705882352941
"CZ",86,106,0.0319767441860465
"CZ",87,106,0.028735632183908
"CZ",88,106,0.0284090909090909
"CZ",89,106,0.0337078651685393
"CZ",90,106,0.0277777777777778
"CZ",91,106,0.0274725274725275
"CZ",92,106,0.0298913043478261
"CZ",93,106,0.0295698924731183
"CZ",94,106,0.0265957446808511
"CZ",95,106,0.0184210526315789
"CZ",96,106,0.015625
"CZ",97,106,0.0154639175257732
"CZ",98,106,0.0127551020408163
"CZ",99,106,0.0101010101010101
"CZ",100,106,0.015
"CZ",101,106,0.0099009900990099
"CZ",102,106,0.00735294117647059
"CZ",103,106,0.00970873786407767
"CZ",104,106,0.00961538461538462
"CZ",105,106,0.00714285714285714
"CZ",106,106,0
"DE",2,768,0
"DE",3,768,0
"DE",4,768,0
"DE",5,768,0
"DE",6,768,0
"DE",7,768,0
"DE",8,768,0.03125
"DE",9,768,0
"DE",10,768,0.025
"DE",11,768,0.0681818181818182
"DE",12,768,0.0208333333333333
"DE",13,768,0.0192307692307692
"DE",14,768,0.0178571428571429
"DE",15,768,0
"DE",16,768,0.015625
"DE",17,768,0.0147058823529412
"DE",18,768,0.0138888888888889
"DE",19,768,0.0526315789473684
"DE",20,768,0.05
"DE",21,768,0.0476190476190476
"DE",22,768,0.0454545454545455
"DE",23,768,0.0217391304347826
"DE",24,768,0.0416666666666667
"DE",25,768,0.04
"DE",26,768,0.0288461538461538
"DE",27,768,0.0185185185185185
"DE",28,768,0.0267857142857143
"DE",29,768,0.0172413793103448
"DE",30,768,0.0166666666666667
"DE",31,768,0.00806451612903226
"DE",32,768,0.0078125
"DE",33,768,0
"DE",34,768,0.0147058823529412
"DE",35,768,0.00714285714285714
"DE",36,768,0.0138888888888889
"DE",37,768,0.027027027027027
"DE",38,768,0.0460526315789474
"DE",39,768,0.032051282051282
"DE",40,768,0.0125
"DE",41,768,0.0182926829268293
"DE",42,768,0.0119047619047619
"DE",43,768,0.0174418604651163
"DE",44,768,0.0284090909090909
"DE",45,768,0.0388888888888889
"DE",46,768,0.0380434782608696
"DE",47,768,0.0478723404255319
"DE",48,768,0.046875
"DE",49,768,0.0459183673469388
"DE",50,768,0.04
"DE",51,768,0.0490196078431373
"DE",52,768,0.0528846153846154
"DE",53,768,0.0424528301886792
"DE",54,768,0.0416666666666667
"DE",55,768,0.0454545454545455
"DE",56,768,0.0357142857142857
"DE",57,768,0.0350877192982456
"DE",58,768,0.0344827586206897
"DE",59,768,0.038135593220339
"DE",60,768,0.0458333333333333
"DE",61,768,0.0409836065573771
"DE",62,768,0.0403225806451613
"DE",63,768,0.0436507936507936
"DE",64,768,0.04296875
"DE",65,768,0.0384615384615385
"DE",66,768,0.0340909090909091
"DE",67,768,0.0298507462686567
"DE",68,768,0.0294117647058824
"DE",69,768,0.0289855072463768
"DE",70,768,0.0178571428571429
"DE",71,768,0.0176056338028169
"DE",72,768,0.0208333333333333
"DE",73,768,0.023972602739726
"DE",74,768,0.0202702702702703
"DE",75,768,0.02
"DE",76,768,0.0263157894736842
"DE",77,768,0.0292207792207792
"DE",78,768,0.0256410256410256
"DE",79,768,0.0253164556962025
"DE",80,768,0.028125
"DE",81,768,0.0308641975308642
"DE",82,768,0.0304878048780488
"DE",83,768,0.0391566265060241
"DE",84,768,0.0386904761904762
"DE",85,768,0.0441176470588235
"DE",86,768,0.0465116279069767
"DE",87,768,0.0431034482758621
"DE",88,768,0.0454545454545455
"DE",89,768,0.0449438202247191
"DE",90,768,0.0444444444444444
"DE",91,768,0.0412087912087912
"DE",92,768,0.0353260869565217
"DE",93,768,0.0403225806451613
"DE",94,768,0.0398936170212766
"DE",95,768,0.0368421052631579
"DE",96,768,0.0338541666666667
"DE",97,768,0.0360824742268041
"DE",98,768,0.0331632653061225
"DE",99,768,0.0353535353535354
"DE",100,768,0.04
"DE",101,768,0.0371287128712871
"DE",102,768,0.0367647058823529
"DE",103,768,0.0364077669902913
"DE",104,768,0.0408653846153846
"DE",105,768,0.0404761904761905
"DE",106,768,0.0377358490566038
"DE",107,768,0.0327102803738318
"DE",108,768,0.0324074074074074
"DE",109,768,0.0344036697247706
"DE",110,768,0.0386363636363636
"DE",111,768,0.0405405405405405
"DE",112,768,0.0401785714285714
"DE",113,768,0.0398230088495575
"DE",114,768,0.0394736842105263
"DE",115,768,0.0391304347826087
"DE",116,768,0.0387931034482759
"DE",117,768,0.0384615384615385
"DE",118,768,0.0338983050847458
"DE",119,768,0.0315126050420168
"DE",120,768,0.03125
"DE",121,768,0.0309917355371901
"DE",122,768,0.0307377049180328
"DE",123,768,0.0284552845528455
"DE",124,768,0.030241935483871
"DE",125,768,0.03
"DE",126,768,0.0297619047619048
"DE",127,768,0.0334645669291339
"DE",128,768,0.03515625
"DE",129,768,0.0348837209302326
"DE",130,768,0.0346153846153846
"DE",131,768,0.0324427480916031
"DE",132,768,0.0340909090909091
"DE",133,768,0.037593984962406
"DE",134,768,0.0354477611940298
"DE",135,768,0.0351851851851852
"DE",136,768,0.0367647058823529
"DE",137,768,0.0401459854014599
"DE",138,768,0.0416666666666667
"DE",139,768,0.0413669064748201
"DE",140,768,0.0410714285714286
"DE",141,768,0.0407801418439716
"DE",142,768,0.0440140845070423
"DE",143,768,0.0437062937062937
"DE",144,768,0.0416666666666667
"DE",145,768,0.046551724137931
"DE",146,768,0.0479452054794521
"DE",147,768,0.0493197278911565
"DE",148,768,0.0506756756756757
"DE",149,768,0.0520134228187919
"DE",150,768,0.0516666666666667
"DE",151,768,0.0529801324503311
"DE",152,768,0.0542763157894737
"DE",153,768,0.0555555555555556
"DE",154,768,0.0568181818181818
"DE",155,768,0.0564516129032258
"DE",156,768,0.0576923076923077
"DE",157,768,0.0573248407643312
"DE",158,768,0.055379746835443
"DE",159,768,0.0518867924528302
"DE",160,768,0.053125
"DE",161,768,0.0527950310559006
"DE",162,768,0.0524691358024691
"DE",163,768,0.0521472392638037
"DE",164,768,0.0503048780487805
"DE",165,768,0.0454545454545455
"DE",166,768,0.0466867469879518
"DE",167,768,0.0464071856287425
"DE",168,768,0.0461309523809524
"DE",169,768,0.0473372781065089
"DE",170,768,0.0485294117647059
"DE",171,768,0.0482456140350877
"DE",172,768,0.0494186046511628
"DE",173,768,0.0476878612716763
"DE",174,768,0.0474137931034483
"DE",175,768,0.0457142857142857
"DE",176,768,0.046875
"DE",177,768,0.0466101694915254
"DE",178,768,0.047752808988764
"DE",179,768,0.0488826815642458
"DE",180,768,0.0486111111111111
"DE",181,768,0.0497237569060773
"DE",182,768,0.0494505494505495
"DE",183,768,0.0505464480874317
"DE",184,768,0.0516304347826087
"DE",185,768,0.0486486486486487
"DE",186,768,0.0497311827956989
"DE",187,768,0.0494652406417112
"DE",188,768,0.0492021276595745
"DE",189,768,0.0462962962962963
"DE",190,768,0.0447368421052632
"DE",191,768,0.0445026178010471
"DE",192,768,0.04296875
"DE",193,768,0.0453367875647668
"DE",194,768,0.0451030927835052
"DE",195,768,0.0461538461538462
"DE",196,768,0.0433673469387755
"DE",197,768,0.0431472081218274
"DE",198,768,0.0416666666666667
"DE",199,768,0.0414572864321608
"DE",200,768,0.0425
"DE",201,768,0.0422885572139304
"DE",202,768,0.0433168316831683
"DE",203,768,0.0431034482758621
"DE",204,768,0.0416666666666667
"DE",205,768,0.0426829268292683
"DE",206,768,0.0412621359223301
"DE",207,768,0.0386473429951691
"DE",208,768,0.0384615384615385
"DE",209,768,0.0406698564593301
"DE",210,768,0.0404761904761905
"DE",211,768,0.0414691943127962
"DE",212,768,0.0389150943396226
"DE",213,768,0.039906103286385
"DE",214,768,0.0397196261682243
"DE",215,768,0.0395348837209302
"DE",216,768,0.0381944444444444
"DE",217,768,0.0368663594470046
"DE",218,768,0.0378440366972477
"DE",219,768,0.0365296803652968
"DE",220,768,0.0375
"DE",221,768,0.0384615384615385
"DE",222,768,0.0371621621621622
"DE",223,768,0.0381165919282511
"DE",224,768,0.0401785714285714
"DE",225,768,0.0377777777777778
"DE",226,768,0.0376106194690266
"DE",227,768,0.0385462555066079
"DE",228,768,0.0405701754385965
"DE",229,768,0.0425764192139738
"DE",230,768,0.041304347826087
"DE",231,768,0.04004329004329
"DE",232,768,0.040948275862069
"DE",233,768,0.0407725321888412
"DE",234,768,0.0395299145299145
"DE",235,768,0.0404255319148936
"DE",236,768,0.0402542372881356
"DE",237,768,0.040084388185654
"DE",238,768,0.0399159663865546
"DE",239,768,0.0397489539748954
"DE",240,768,0.040625
"DE",241,768,0.0383817427385892
"DE",242,768,0.0392561983471074
"DE",243,768,0.0390946502057613
"DE",244,768,0.0368852459016393
"DE",245,768,0.0377551020408163
"DE",246,768,0.0376016260162602
"DE",247,768,0.0374493927125506
"DE",248,768,0.0372983870967742
"DE",249,768,0.0381526104417671
"DE",250,768,0.039
"DE",251,768,0.0398406374501992
"DE",252,768,0.0396825396825397
"DE",253,768,0.0395256916996047
"DE",254,768,0.0393700787401575
"DE",255,768,0.0392156862745098
"DE",256,768,0.0400390625
"DE",257,768,0.0408560311284047
"DE",258,768,0.0416666666666667
"DE",259,768,0.0434362934362934
"DE",260,768,0.0442307692307692
"DE",261,768,0.0459770114942529
"DE",262,768,0.0458015267175573
"DE",263,768,0.0446768060836502
"DE",264,768,0.0445075757575758
"DE",265,768,0.0481132075471698
"DE",266,768,0.0488721804511278
"DE",267,768,0.048689138576779
"DE",268,768,0.0466417910447761
"DE",269,768,0.0455390334572491
"DE",270,768,0.0453703703703704
"DE",271,768,0.044280442804428
"DE",272,768,0.0431985294117647
"DE",273,768,0.0421245421245421
"DE",274,768,0.0410583941605839
"DE",275,768,0.04
"DE",276,768,0.0389492753623188
"DE",277,768,0.0388086642599278
"DE",278,768,0.039568345323741
"DE",279,768,0.0403225806451613
"DE",280,768,0.0401785714285714
"DE",281,768,0.0400355871886121
"DE",282,768,0.0416666666666667
"DE",283,768,0.0415194346289753
"DE",284,768,0.0404929577464789
"DE",285,768,0.0421052631578947
"DE",286,768,0.041958041958042
"DE",287,768,0.0418118466898955
"DE",288,768,0.0416666666666667
"DE",289,768,0.0423875432525952
"DE",290,768,0.0431034482758621
"DE",291,768,0.0429553264604811
"DE",292,768,0.0419520547945205
"DE",293,768,0.0409556313993174
"DE",294,768,0.0416666666666667
"DE",295,768,0.0423728813559322
"DE",296,768,0.0413851351351351
"DE",297,768,0.0412457912457912
"DE",298,768,0.0411073825503356
"DE",299,768,0.0409698996655518
"DE",300,768,0.0408333333333333
"DE",301,768,0.042358803986711
"DE",302,768,0.0438741721854305
"DE",303,768,0.0437293729372937
"DE",304,768,0.0444078947368421
"DE",305,768,0.0442622950819672
"DE",306,768,0.0433006535947712
"DE",307,768,0.0439739413680782
"DE",308,768,0.0454545454545455
"DE",309,768,0.0444983818770227
"DE",310,768,0.0451612903225806
"DE",311,768,0.045016077170418
"DE",312,768,0.0432692307692308
"DE",313,768,0.0439297124600639
"DE",314,768,0.0437898089171974
"DE",315,768,0.0452380952380952
"DE",316,768,0.0466772151898734
"DE",317,768,0.0457413249211356
"DE",318,768,0.0463836477987421
"DE",319,768,0.0470219435736677
"DE",320,768,0.04609375
"DE",321,768,0.043613707165109
"DE",322,768,0.0427018633540373
"DE",323,768,0.0425696594427245
"DE",324,768,0.0424382716049383
"DE",325,768,0.0438461538461538
"DE",326,768,0.0429447852760736
"DE",327,768,0.0428134556574924
"DE",328,768,0.0419207317073171
"DE",329,768,0.0425531914893617
"DE",330,768,0.0424242424242424
"DE",331,768,0.0422960725075529
"DE",332,768,0.0436746987951807
"DE",333,768,0.0427927927927928
"DE",334,768,0.0426646706586826
"DE",335,768,0.0432835820895522
"DE",336,768,0.0438988095238095
"DE",337,768,0.0422848664688427
"DE",338,768,0.0421597633136095
"DE",339,768,0.0412979351032448
"DE",340,768,0.0419117647058824
"DE",341,768,0.0410557184750733
"DE",342,768,0.0409356725146199
"DE",343,768,0.0408163265306122
"DE",344,768,0.0414244186046512
"DE",345,768,0.0398550724637681
"DE",346,768,0.0397398843930636
"DE",347,768,0.0403458213256484
"DE",348,768,0.0395114942528736
"DE",349,768,0.0386819484240688
"DE",350,768,0.0385714285714286
"DE",351,768,0.0384615384615385
"DE",352,768,0.0383522727272727
"DE",353,768,0.0389518413597734
"DE",354,768,0.0395480225988701
"DE",355,768,0.0387323943661972
"DE",356,768,0.0393258426966292
"DE",357,768,0.038515406162465
"DE",358,768,0.0391061452513966
"DE",359,768,0.0389972144846797
"DE",360,768,0.0375
"DE",361,768,0.0373961218836565
"DE",362,768,0.037292817679558
"DE",363,768,0.0365013774104683
"DE",364,768,0.0370879120879121
"DE",365,768,0.036986301369863
"DE",366,768,0.0368852459016393
"DE",367,768,0.0367847411444142
"DE",368,768,0.0366847826086956
"DE",369,768,0.0365853658536585
"DE",370,768,0.0364864864864865
"DE",371,768,0.0357142857142857
"DE",372,768,0.0362903225806452
"DE",373,768,0.0361930294906166
"DE",374,768,0.036096256684492
"DE",375,768,0.0366666666666667
"DE",376,768,0.0378989361702128
"DE",377,768,0.0384615384615385
"DE",378,768,0.039021164021164
"DE",379,768,0.0389182058047493
"DE",380,768,0.0388157894736842
"DE",381,768,0.0387139107611549
"DE",382,768,0.0392670157068063
"DE",383,768,0.0398172323759791
"DE",384,768,0.0403645833333333
"DE",385,768,0.0409090909090909
"DE",386,768,0.0408031088082902
"DE",387,768,0.0406976744186047
"DE",388,768,0.0405927835051546
"DE",389,768,0.0411311053984576
"DE",390,768,0.041025641025641
"DE",391,768,0.040920716112532
"DE",392,768,0.0408163265306122
"DE",393,768,0.0407124681933842
"DE",394,768,0.0406091370558376
"DE",395,768,0.0405063291139241
"DE",396,768,0.0397727272727273
"DE",397,768,0.0396725440806045
"DE",398,768,0.039572864321608
"DE",399,768,0.0388471177944862
"DE",400,768,0.03875
"DE",401,768,0.0380299251870324
"DE",402,768,0.0385572139303483
"DE",403,768,0.0390818858560794
"DE",404,768,0.0396039603960396
"DE",405,768,0.0401234567901235
"DE",406,768,0.0400246305418719
"DE",407,768,0.0399262899262899
"DE",408,768,0.0410539215686275
"DE",409,768,0.0397310513447433
"DE",410,768,0.0408536585365854
"DE",411,768,0.0413625304136253
"DE",412,768,0.041868932038835
"DE",413,768,0.0423728813559322
"DE",414,768,0.0410628019323672
"DE",415,768,0.041566265060241
"DE",416,768,0.0414663461538462
"DE",417,768,0.0413669064748201
"DE",418,768,0.041866028708134
"DE",419,768,0.0429594272076372
"DE",420,768,0.0428571428571429
"DE",421,768,0.0421615201900238
"DE",422,768,0.0408767772511848
"DE",423,768,0.0407801418439716
"DE",424,768,0.0406839622641509
"DE",425,768,0.0394117647058824
"DE",426,768,0.0387323943661972
"DE",427,768,0.0398126463700234
"DE",428,768,0.0391355140186916
"DE",429,768,0.0402097902097902
"DE",430,768,0.0401162790697674
"DE",431,768,0.0406032482598608
"DE",432,768,0.0399305555555556
"DE",433,768,0.0386836027713626
"DE",434,768,0.0391705069124424
"DE",435,768,0.0379310344827586
"DE",436,768,0.0384174311926606
"DE",437,768,0.0389016018306636
"DE",438,768,0.0393835616438356
"DE",439,768,0.0392938496583144
"DE",440,768,0.0392045454545455
"DE",441,768,0.0385487528344671
"DE",442,768,0.03789592760181
"DE",443,768,0.0366817155756208
"DE",444,768,0.035472972972973
"DE",445,768,0.0365168539325843
"DE",446,768,0.0364349775784753
"DE",447,768,0.0369127516778524
"DE",448,768,0.0362723214285714
"DE",449,768,0.0367483296213808
"DE",450,768,0.0383333333333333
"DE",451,768,0.037139689578714
"DE",452,768,0.0370575221238938
"DE",453,768,0.0369757174392936
"DE",454,768,0.0374449339207048
"DE",455,768,0.0379120879120879
"DE",456,768,0.0378289473684211
"DE",457,768,0.037746170678337
"DE",458,768,0.0376637554585153
"DE",459,768,0.0375816993464052
"DE",460,768,0.0375
"DE",461,768,0.0368763557483731
"DE",462,768,0.0362554112554113
"DE",463,768,0.0356371490280778
"DE",464,768,0.0355603448275862
"DE",465,768,0.0349462365591398
"DE",466,768,0.0348712446351931
"DE",467,768,0.0358672376873662
"DE",468,768,0.0357905982905983
"DE",469,768,0.0362473347547974
"DE",470,768,0.0356382978723404
"DE",471,768,0.035031847133758
"DE",472,768,0.0349576271186441
"DE",473,768,0.0348837209302326
"DE",474,768,0.0342827004219409
"DE",475,768,0.0342105263157895
"DE",476,768,0.0346638655462185
"DE",477,768,0.0351153039832285
"DE",478,768,0.0355648535564854
"DE",479,768,0.0354906054279749
"DE",480,768,0.0359375
"DE",481,768,0.0353430353430353
"DE",482,768,0.0347510373443983
"DE",483,768,0.0346790890269151
"DE",484,768,0.0346074380165289
"DE",485,768,0.0350515463917526
"DE",486,768,0.0360082304526749
"DE",487,768,0.034394250513347
"DE",488,768,0.0332991803278689
"DE",489,768,0.0332310838445808
"DE",490,768,0.0331632653061224
"DE",491,768,0.0325865580448065
"DE",492,768,0.0330284552845528
"DE",493,768,0.0334685598377282
"DE",494,768,0.0339068825910931
"DE",495,768,0.0338383838383838
"DE",496,768,0.0337701612903226
"DE",497,768,0.03420523138833
"DE",498,768,0.0336345381526104
"DE",499,768,0.032565130260521
"DE",500,768,0.032
"DE",501,768,0.032435129740519
"DE",502,768,0.0318725099601594
"DE",503,768,0.0318091451292246
"DE",504,768,0.0322420634920635
"DE",505,768,0.0316831683168317
"DE",506,768,0.0316205533596838
"DE",507,768,0.032051282051282
"DE",508,768,0.031496062992126
"DE",509,768,0.031434184675835
"DE",510,768,0.0308823529411765
"DE",511,768,0.0318003913894325
"DE",512,768,0.0322265625
"DE",513,768,0.0316764132553606
"DE",514,768,0.0325875486381323
"DE",515,768,0.0330097087378641
"DE",516,768,0.0339147286821705
"DE",517,768,0.0328820116054159
"DE",518,768,0.0318532818532819
"DE",519,768,0.0317919075144509
"DE",520,768,0.03125
"DE",521,768,0.0316698656429942
"DE",522,768,0.032088122605364
"DE",523,768,0.0320267686424474
"DE",524,768,0.0319656488549618
"DE",525,768,0.030952380952381
"DE",526,768,0.030893536121673
"DE",527,768,0.0308349146110057
"DE",528,768,0.0317234848484848
"DE",529,768,0.0311909262759924
"DE",530,768,0.0306603773584906
"DE",531,768,0.0306026365348399
"DE",532,768,0.0300751879699248
"DE",533,768,0.0304878048780488
"DE",534,768,0.0304307116104869
"DE",535,768,0.0313084112149533
"DE",536,768,0.0321828358208955
"DE",537,768,0.032122905027933
"DE",538,768,0.0320631970260223
"DE",539,768,0.0324675324675325
"DE",540,768,0.0324074074074074
"DE",541,768,0.0328096118299445
"DE",542,768,0.0322878228782288
"DE",543,768,0.0313075506445672
"DE",544,768,0.0307904411764706
"DE",545,768,0.0298165137614679
"DE",546,768,0.0288461538461538
"DE",547,768,0.0287934186471664
"DE",548,768,0.0273722627737226
"DE",549,768,0.0282331511839709
"DE",550,768,0.0277272727272727
"DE",551,768,0.0272232304900181
"DE",552,768,0.026268115942029
"DE",553,768,0.0266726943942134
"DE",554,768,0.0266245487364621
"DE",555,768,0.0265765765765766
"DE",556,768,0.026978417266187
"DE",557,768,0.0269299820466786
"DE",558,768,0.0264336917562724
"DE",559,768,0.026386404293381
"DE",560,768,0.0267857142857143
"DE",561,768,0.0271836007130125
"DE",562,768,0.0266903914590747
"DE",563,768,0.0266429840142096
"DE",564,768,0.0265957446808511
"DE",565,768,0.0261061946902655
"DE",566,768,0.0251766784452297
"DE",567,768,0.0246913580246914
"DE",568,768,0.0246478873239437
"DE",569,768,0.0241652021089631
"DE",570,768,0.0236842105263158
"DE",571,768,0.0236427320490368
"DE",572,768,0.0236013986013986
"DE",573,768,0.024869109947644
"DE",574,768,0.0252613240418118
"DE",575,768,0.0247826086956522
"DE",576,768,0.0238715277777778
"DE",577,768,0.0238301559792028
"DE",578,768,0.0237889273356401
"DE",579,768,0.0237478411053541
"DE",580,768,0.0232758620689655
"DE",581,768,0.0232358003442341
"DE",582,768,0.0231958762886598
"DE",583,768,0.023156089193825
"DE",584,768,0.0235445205479452
"DE",585,768,0.0226495726495726
"DE",586,768,0.023037542662116
"DE",587,768,0.022572402044293
"DE",588,768,0.0216836734693878
"DE",589,768,0.0216468590831919
"DE",590,768,0.0216101694915254
"DE",591,768,0.0211505922165821
"DE",592,768,0.0211148648648649
"DE",593,768,0.0219224283305228
"DE",594,768,0.0223063973063973
"DE",595,768,0.023109243697479
"DE",596,768,0.0230704697986577
"DE",597,768,0.0230318257956449
"DE",598,768,0.0234113712374582
"DE",599,768,0.0237896494156928
"DE",600,768,0.0233333333333333
"DE",601,768,0.024126455906822
"DE",602,768,0.0249169435215947
"DE",603,768,0.0244610281923715
"DE",604,768,0.0244205298013245
"DE",605,768,0.0239669421487603
"DE",606,768,0.0239273927392739
"DE",607,768,0.0238879736408567
"DE",608,768,0.0238486842105263
"DE",609,768,0.0233990147783251
"DE",610,768,0.0233606557377049
"DE",611,768,0.0225040916530278
"DE",612,768,0.0228758169934641
"DE",613,768,0.0232463295269168
"DE",614,768,0.0215798045602606
"DE",615,768,0.0207317073170732
"DE",616,768,0.0219155844155844
"DE",617,768,0.0210696920583468
"DE",618,768,0.020631067961165
"DE",619,768,0.0210016155088853
"DE",620,768,0.0201612903225806
"DE",621,768,0.0201288244766506
"DE",622,768,0.0196945337620579
"DE",623,768,0.018860353130016
"DE",624,768,0.0188301282051282
"DE",625,768,0.0188
"DE",626,768,0.0187699680511182
"DE",627,768,0.0195374800637959
"DE",628,768,0.0191082802547771
"DE",629,768,0.0194753577106518
"DE",630,768,0.0194444444444444
"DE",631,768,0.0194136291600634
"DE",632,768,0.0189873417721519
"DE",633,768,0.018957345971564
"DE",634,768,0.0181388012618297
"DE",635,768,0.018503937007874
"DE",636,768,0.0180817610062893
"DE",637,768,0.0176609105180534
"DE",638,768,0.0172413793103448
"DE",639,768,0.0176056338028169
"DE",640,768,0.017578125
"DE",641,768,0.0175507020280811
"DE",642,768,0.0179127725856698
"DE",643,768,0.0174961119751166
"DE",644,768,0.0174689440993789
"DE",645,768,0.0170542635658915
"DE",646,768,0.016640866873065
"DE",647,768,0.0166151468315301
"DE",648,768,0.0162037037037037
"DE",649,768,0.0173343605546995
"DE",650,768,0.0165384615384615
"DE",651,768,0.0168970814132104
"DE",652,768,0.0172546012269939
"DE",653,768,0.0172281776416539
"DE",654,768,0.0168195718654434
"DE",655,768,0.016412213740458
"DE",656,768,0.015625
"DE",657,768,0.015220700152207
"DE",658,768,0.0151975683890578
"DE",659,768,0.0147951441578149
"DE",660,768,0.0151515151515152
"DE",661,768,0.0151285930408472
"DE",662,768,0.0147280966767372
"DE",663,768,0.0135746606334842
"DE",664,768,0.0135542168674699
"DE",665,768,0.0139097744360902
"DE",666,768,0.0146396396396396
"DE",667,768,0.0146176911544228
"DE",668,768,0.0142215568862275
"DE",669,768,0.0145739910313901
"DE",670,768,0.0134328358208955
"DE",671,768,0.0137853949329359
"DE",672,768,0.0133928571428571
"DE",673,768,0.0137444279346211
"DE",674,768,0.013353115727003
"DE",675,768,0.0133333333333333
"DE",676,768,0.0133136094674556
"DE",677,768,0.0144017725258493
"DE",678,768,0.0147492625368732
"DE",679,768,0.0139911634756996
"DE",680,768,0.0147058823529412
"DE",681,768,0.0146842878120411
"DE",682,768,0.0146627565982405
"DE",683,768,0.0150073206442167
"DE",684,768,0.0146198830409357
"DE",685,768,0.014963503649635
"DE",686,768,0.0145772594752187
"DE",687,768,0.014919941775837
"DE",688,768,0.0148982558139535
"DE",689,768,0.0145137880986938
"DE",690,768,0.0148550724637681
"DE",691,768,0.0148335745296671
"DE",692,768,0.0155346820809249
"DE",693,768,0.0158730158730159
"DE",694,768,0.015850144092219
"DE",695,768,0.0151079136690647
"DE",696,768,0.0147270114942529
"DE",697,768,0.0143472022955524
"DE",698,768,0.0146848137535817
"DE",699,768,0.0146638054363376
"DE",700,768,0.0146428571428571
"DE",701,768,0.0139087018544936
"DE",702,768,0.0142450142450142
"DE",703,768,0.0142247510668563
"DE",704,768,0.0142045454545455
"DE",705,768,0.0145390070921986
"DE",706,768,0.0148725212464589
"DE",707,768,0.0144978783592645
"DE",708,768,0.0144774011299435
"DE",709,768,0.0144569816643159
"DE",710,768,0.0144366197183099
"DE",711,768,0.0144163150492264
"DE",712,768,0.014747191011236
"DE",713,768,0.014726507713885
"DE",714,768,0.0140056022408964
"DE",715,768,0.013986013986014
"DE",716,768,0.0139664804469274
"DE",717,768,0.0135983263598326
"DE",718,768,0.0132311977715877
"DE",719,768,0.0135605006954103
"DE",720,768,0.0142361111111111
"DE",721,768,0.013869625520111
"DE",722,768,0.014196675900277
"DE",723,768,0.0138312586445367
"DE",724,768,0.0141574585635359
"DE",725,768,0.0141379310344828
"DE",726,768,0.0141184573002755
"DE",727,768,0.0137551581843191
"DE",728,768,0.0130494505494505
"DE",729,768,0.0137174211248285
"DE",730,768,0.013013698630137
"DE",731,768,0.0133378932968536
"DE",732,768,0.0129781420765027
"DE",733,768,0.0129604365620737
"DE",734,768,0.0126021798365123
"DE",735,768,0.0125850340136054
"DE",736,768,0.0118885869565217
"DE",737,768,0.0111940298507463
"DE",738,768,0.0105013550135501
"DE",739,768,0.0104871447902571
"DE",740,768,0.010472972972973
"DE",741,768,0.0101214574898785
"DE",742,768,0.00977088948787062
"DE",743,768,0.00942126514131898
"DE",744,768,0.00974462365591398
"DE",745,768,0.0087248322147651
"DE",746,768,0.00871313672922252
"DE",747,768,0.00870147255689424
"DE",748,768,0.00835561497326203
"DE",749,768,0.00767690253671562
"DE",750,768,0.00833333333333333
"DE",751,768,0.00765645805592543
"DE",752,768,0.00764627659574468
"DE",753,768,0.00664010624169987
"DE",754,768,0.00663129973474801
"DE",755,768,0.00629139072847682
"DE",756,768,0.00595238095238095
"DE",757,768,0.0059445178335535
"DE",758,768,0.00527704485488127
"DE",759,768,0.00527009222661397
"DE",760,768,0.00493421052631579
"DE",761,768,0.00427069645203679
"DE",762,768,0.00360892388451444
"DE",763,768,0.00262123197903014
"DE",764,768,0.00196335078534031
"DE",765,768,0.00130718954248366
"DE",766,768,0.00097911227154047
"DE",767,768,0.000651890482398957
"DE",768,768,0
"ES",2,300,0
"ES",3,300,0
"ES",4,300,0
"ES",5,300,0
"ES",6,300,0
"ES",7,300,0
"ES",8,300,0.03125
"ES",9,300,0.111111111111111
"ES",10,300,0.125
"ES",11,300,0.0909090909090909
"ES",12,300,0.104166666666667
"ES",13,300,0.0576923076923077
"ES",14,300,0.0714285714285714
"ES",15,300,0.0333333333333333
"ES",16,300,0.046875
"ES",17,300,0.0147058823529412
"ES",18,300,0.0277777777777778
"ES",19,300,0.0131578947368421
"ES",20,300,0.025
"ES",21,300,0.0119047619047619
"ES",22,300,0.0340909090909091
"ES",23,300,0.0434782608695652
"ES",24,300,0.03125
"ES",25,300,0.05
"ES",26,300,0.0384615384615385
"ES",27,300,0.0462962962962963
"ES",28,300,0.0446428571428571
"ES",29,300,0.0258620689655172
"ES",30,300,0.05
"ES",31,300,0.0645161290322581
"ES",32,300,0.0625
"ES",33,300,0.0757575757575758
"ES",34,300,0.0588235294117647
"ES",35,300,0.0428571428571429
"ES",36,300,0.0277777777777778
"ES",37,300,0.0337837837837838
"ES",38,300,0.0328947368421053
"ES",39,300,0.0384615384615385
"ES",40,300,0.04375
"ES",41,300,0.0548780487804878
"ES",42,300,0.0535714285714286
"ES",43,300,0.0348837209302326
"ES",44,300,0.0397727272727273
"ES",45,300,0.0388888888888889
"ES",46,300,0.0434782608695652
"ES",47,300,0.0319148936170213
"ES",48,300,0.0364583333333333
"ES",49,300,0.0357142857142857
"ES",50,300,0.04
"ES",51,300,0.053921568627451
"ES",52,300,0.0480769230769231
"ES",53,300,0.0424528301886792
"ES",54,300,0.0324074074074074
"ES",55,300,0.0409090909090909
"ES",56,300,0.0446428571428571
"ES",57,300,0.0526315789473684
"ES",58,300,0.0560344827586207
"ES",59,300,0.0593220338983051
"ES",60,300,0.0541666666666667
"ES",61,300,0.0491803278688525
"ES",62,300,0.0443548387096774
"ES",63,300,0.0396825396825397
"ES",64,300,0.04296875
"ES",65,300,0.0461538461538462
"ES",66,300,0.0454545454545455
"ES",67,300,0.0485074626865672
"ES",68,300,0.0514705882352941
"ES",69,300,0.0507246376811594
"ES",70,300,0.0571428571428571
"ES",71,300,0.0528169014084507
"ES",72,300,0.0555555555555556
"ES",73,300,0.0582191780821918
"ES",74,300,0.0574324324324324
"ES",75,300,0.06
"ES",76,300,0.0592105263157895
"ES",77,300,0.0551948051948052
"ES",78,300,0.0512820512820513
"ES",79,300,0.0474683544303797
"ES",80,300,0.05625
"ES",81,300,0.0617283950617284
"ES",82,300,0.0579268292682927
"ES",83,300,0.0602409638554217
"ES",84,300,0.0625
"ES",85,300,0.0588235294117647
"ES",86,300,0.061046511627907
"ES",87,300,0.0574712643678161
"ES",88,300,0.0568181818181818
"ES",89,300,0.0561797752808989
"ES",90,300,0.0555555555555556
"ES",91,300,0.0549450549450549
"ES",92,300,0.0570652173913044
"ES",93,300,0.0510752688172043
"ES",94,300,0.050531914893617
"ES",95,300,0.0526315789473684
"ES",96,300,0.0520833333333333
"ES",97,300,0.0515463917525773
"ES",98,300,0.048469387755102
"ES",99,300,0.047979797979798
"ES",100,300,0.05
"ES",101,300,0.0495049504950495
"ES",102,300,0.0465686274509804
"ES",103,300,0.0436893203883495
"ES",104,300,0.0408653846153846
"ES",105,300,0.0428571428571429
"ES",106,300,0.044811320754717
"ES",107,300,0.044392523364486
"ES",108,300,0.0439814814814815
"ES",109,300,0.0458715596330275
"ES",110,300,0.0454545454545455
"ES",111,300,0.045045045045045
"ES",112,300,0.0513392857142857
"ES",113,300,0.0530973451327434
"ES",114,300,0.0526315789473684
"ES",115,300,0.0521739130434783
"ES",116,300,0.0560344827586207
"ES",117,300,0.0555555555555556
"ES",118,300,0.0550847457627119
"ES",119,300,0.0567226890756303
"ES",120,300,0.05625
"ES",121,300,0.0537190082644628
"ES",122,300,0.0532786885245902
"ES",123,300,0.0528455284552846
"ES",124,300,0.0504032258064516
"ES",125,300,0.05
"ES",126,300,0.0515873015873016
"ES",127,300,0.0531496062992126
"ES",128,300,0.056640625
"ES",129,300,0.060077519379845
"ES",130,300,0.0615384615384615
"ES",131,300,0.0610687022900763
"ES",132,300,0.0625
"ES",133,300,0.0639097744360902
"ES",134,300,0.0652985074626866
"ES",135,300,0.0648148148148148
"ES",136,300,0.0643382352941177
"ES",137,300,0.0638686131386861
"ES",138,300,0.0615942028985507
"ES",139,300,0.0647482014388489
"ES",140,300,0.0642857142857143
"ES",141,300,0.0620567375886525
"ES",142,300,0.0616197183098592
"ES",143,300,0.0646853146853147
"ES",144,300,0.0625
"ES",145,300,0.0620689655172414
"ES",146,300,0.0616438356164384
"ES",147,300,0.0578231292517007
"ES",148,300,0.0591216216216216
"ES",149,300,0.0604026845637584
"ES",150,300,0.06
"ES",151,300,0.0596026490066225
"ES",152,300,0.0559210526315789
"ES",153,300,0.0571895424836601
"ES",154,300,0.0535714285714286
"ES",155,300,0.0516129032258065
"ES",156,300,0.0512820512820513
"ES",157,300,0.0509554140127389
"ES",158,300,0.0506329113924051
"ES",159,300,0.0518867924528302
"ES",160,300,0.053125
"ES",161,300,0.0496894409937888
"ES",162,300,0.0493827160493827
"ES",163,300,0.049079754601227
"ES",164,300,0.0487804878048781
"ES",165,300,0.05
"ES",166,300,0.052710843373494
"ES",167,300,0.0553892215568862
"ES",168,300,0.0535714285714286
"ES",169,300,0.0562130177514793
"ES",170,300,0.0529411764705882
"ES",171,300,0.0526315789473684
"ES",172,300,0.0508720930232558
"ES",173,300,0.0476878612716763
"ES",174,300,0.0488505747126437
"ES",175,300,0.0514285714285714
"ES",176,300,0.0525568181818182
"ES",177,300,0.0536723163841808
"ES",178,300,0.0561797752808989
"ES",179,300,0.0544692737430168
"ES",180,300,0.0541666666666667
"ES",181,300,0.0566298342541436
"ES",182,300,0.0563186813186813
"ES",183,300,0.0546448087431694
"ES",184,300,0.0529891304347826
"ES",185,300,0.0540540540540541
"ES",186,300,0.0551075268817204
"ES",187,300,0.0548128342245989
"ES",188,300,0.0531914893617021
"ES",189,300,0.0515873015873016
"ES",190,300,0.0513157894736842
"ES",191,300,0.049738219895288
"ES",192,300,0.0481770833333333
"ES",193,300,0.0466321243523316
"ES",194,300,0.0463917525773196
"ES",195,300,0.0448717948717949
"ES",196,300,0.0446428571428571
"ES",197,300,0.0444162436548223
"ES",198,300,0.0454545454545455
"ES",199,300,0.0452261306532663
"ES",200,300,0.04625
"ES",201,300,0.0460199004975124
"ES",202,300,0.0433168316831683
"ES",203,300,0.0406403940886699
"ES",204,300,0.0416666666666667
"ES",205,300,0.0439024390243902
"ES",206,300,0.0436893203883495
"ES",207,300,0.0434782608695652
"ES",208,300,0.0420673076923077
"ES",209,300,0.0430622009569378
"ES",210,300,0.0428571428571429
"ES",211,300,0.0402843601895735
"ES",212,300,0.0400943396226415
"ES",213,300,0.039906103286385
"ES",214,300,0.0397196261682243
"ES",215,300,0.0406976744186047
"ES",216,300,0.0416666666666667
"ES",217,300,0.0403225806451613
"ES",218,300,0.0401376146788991
"ES",219,300,0.0410958904109589
"ES",220,300,0.0409090909090909
"ES",221,300,0.0407239819004525
"ES",222,300,0.0405405405405405
"ES",223,300,0.0403587443946188
"ES",224,300,0.0390625
"ES",225,300,0.04
"ES",226,300,0.040929203539823
"ES",227,300,0.0407488986784141
"ES",228,300,0.0405701754385965
"ES",229,300,0.0403930131004367
"ES",230,300,0.0402173913043478
"ES",231,300,0.04004329004329
"ES",232,300,0.0398706896551724
"ES",233,300,0.0407725321888412
"ES",234,300,0.0416666666666667
"ES",235,300,0.0414893617021277
"ES",236,300,0.0434322033898305
"ES",237,300,0.0421940928270042
"ES",238,300,0.0441176470588235
"ES",239,300,0.0439330543933054
"ES",240,300,0.0447916666666667
"ES",241,300,0.0435684647302905
"ES",242,300,0.0433884297520661
"ES",243,300,0.0432098765432099
"ES",244,300,0.0409836065573771
"ES",245,300,0.0418367346938776
"ES",246,300,0.0416666666666667
"ES",247,300,0.0425101214574899
"ES",248,300,0.0423387096774194
"ES",249,300,0.0401606425702811
"ES",250,300,0.038
"ES",251,300,0.0378486055776892
"ES",252,300,0.0367063492063492
"ES",253,300,0.0365612648221344
"ES",254,300,0.0364173228346457
"ES",255,300,0.0362745098039216
"ES",256,300,0.0361328125
"ES",257,300,0.0359922178988327
"ES",258,300,0.0348837209302326
"ES",259,300,0.0347490347490347
"ES",260,300,0.0355769230769231
"ES",261,300,0.0354406130268199
"ES",262,300,0.0362595419847328
"ES",263,300,0.0370722433460076
"ES",264,300,0.0369318181818182
"ES",265,300,0.0349056603773585
"ES",266,300,0.0338345864661654
"ES",267,300,0.0337078651685393
"ES",268,300,0.0307835820895522
"ES",269,300,0.0306691449814126
"ES",270,300,0.0287037037037037
"ES",271,300,0.0267527675276753
"ES",272,300,0.0257352941176471
"ES",273,300,0.0265567765567766
"ES",274,300,0.0255474452554745
"ES",275,300,0.0236363636363636
"ES",276,300,0.0226449275362319
"ES",277,300,0.0225631768953069
"ES",278,300,0.0224820143884892
"ES",279,300,0.021505376344086
"ES",280,300,0.0205357142857143
"ES",281,300,0.0213523131672598
"ES",282,300,0.0212765957446809
"ES",283,300,0.0203180212014134
"ES",284,300,0.0184859154929577
"ES",285,300,0.0184210526315789
"ES",286,300,0.0174825174825175
"ES",287,300,0.014808362369338
"ES",288,300,0.0130208333333333
"ES",289,300,0.0129757785467128
"ES",290,300,0.0120689655172414
"ES",291,300,0.0120274914089347
"ES",292,300,0.0102739726027397
"ES",293,300,0.0102389078498294
"ES",294,300,0.0102040816326531
"ES",295,300,0.0076271186440678
"ES",296,300,0.00591216216216216
"ES",297,300,0.00589225589225589
"ES",298,300,0.00503355704697987
"ES",299,300,0.00250836120401338
"ES",300,300,0
"FR",2,382,0
"FR",3,382,0
"FR",4,382,0
"FR",5,382,0.05
"FR",6,382,0
"FR",7,382,0.0357142857142857
"FR",8,382,0.03125
"FR",9,382,0.0277777777777778
"FR",10,382,0.05
"FR",11,382,0.0227272727272727
"FR",12,382,0.0208333333333333
"FR",13,382,0.0384615384615385
"FR",14,382,0.0178571428571429
"FR",15,382,0.0166666666666667
"FR",16,382,0.046875
"FR",17,382,0.0441176470588235
"FR",18,382,0.0416666666666667
"FR",19,382,0.0263157894736842
"FR",20,382,0.0375
"FR",21,382,0.0357142857142857
"FR",22,382,0.0227272727272727
"FR",23,382,0.0326086956521739
"FR",24,382,0.0208333333333333
"FR",25,382,0.01
"FR",26,382,0
"FR",27,382,0.00925925925925926
"FR",28,382,0.0178571428571429
"FR",29,382,0.0172413793103448
"FR",30,382,0.00833333333333333
"FR",31,382,0.0241935483870968
"FR",32,382,0.015625
"FR",33,382,0.0151515151515152
"FR",34,382,0.00735294117647059
"FR",35,382,0.00714285714285714
"FR",36,382,0.0138888888888889
"FR",37,382,0.0135135135135135
"FR",38,382,0.0263157894736842
"FR",39,382,0.0384615384615385
"FR",40,382,0.03125
"FR",41,382,0.024390243902439
"FR",42,382,0.0178571428571429
"FR",43,382,0.0232558139534884
"FR",44,382,0.0170454545454545
"FR",45,382,0.0277777777777778
"FR",46,382,0.0217391304347826
"FR",47,382,0.0212765957446809
"FR",48,382,0.0260416666666667
"FR",49,382,0.0255102040816327
"FR",50,382,0.035
"FR",51,382,0.0245098039215686
"FR",52,382,0.0192307692307692
"FR",53,382,0.00943396226415094
"FR",54,382,0.0231481481481481
"FR",55,382,0.0181818181818182
"FR",56,382,0.0178571428571429
"FR",57,382,0.0219298245614035
"FR",58,382,0.0301724137931034
"FR",59,382,0.0296610169491525
"FR",60,382,0.0208333333333333
"FR",61,382,0.0204918032786885
"FR",62,382,0.0201612903225806
"FR",63,382,0.0277777777777778
"FR",64,382,0.03125
"FR",65,382,0.0269230769230769
"FR",66,382,0.0265151515151515
"FR",67,382,0.0335820895522388
"FR",68,382,0.0330882352941176
"FR",69,382,0.0326086956521739
"FR",70,382,0.0285714285714286
"FR",71,382,0.028169014084507
"FR",72,382,0.0347222222222222
"FR",73,382,0.0342465753424658
"FR",74,382,0.0304054054054054
"FR",75,382,0.0333333333333333
"FR",76,382,0.0328947368421053
"FR",77,382,0.0357142857142857
"FR",78,382,0.0416666666666667
"FR",79,382,0.0379746835443038
"FR",80,382,0.04375
"FR",81,382,0.0462962962962963
"FR",82,382,0.0396341463414634
"FR",83,382,0.0391566265060241
"FR",84,382,0.0357142857142857
"FR",85,382,0.0323529411764706
"FR",86,382,0.0348837209302326
"FR",87,382,0.0373563218390805
"FR",88,382,0.0369318181818182
"FR",89,382,0.0393258426966292
"FR",90,382,0.0444444444444444
"FR",91,382,0.043956043956044
"FR",92,382,0.0434782608695652
"FR",93,382,0.0483870967741935
"FR",94,382,0.0452127659574468
"FR",95,382,0.0447368421052632
"FR",96,382,0.0416666666666667
"FR",97,382,0.0412371134020619
"FR",98,382,0.0408163265306122
"FR",99,382,0.0404040404040404
"FR",100,382,0.035
"FR",101,382,0.0371287128712871
"FR",102,382,0.0343137254901961
"FR",103,382,0.0315533980582524
"FR",104,382,0.0264423076923077
"FR",105,382,0.0285714285714286
"FR",106,382,0.0235849056603774
"FR",107,382,0.0280373831775701
"FR",108,382,0.0300925925925926
"FR",109,382,0.0321100917431193
"FR",110,382,0.0295454545454545
"FR",111,382,0.0247747747747748
"FR",112,382,0.03125
"FR",113,382,0.0331858407079646
"FR",114,382,0.0328947368421053
"FR",115,382,0.0304347826086956
"FR",116,382,0.0258620689655172
"FR",117,382,0.0235042735042735
"FR",118,382,0.0254237288135593
"FR",119,382,0.0252100840336134
"FR",120,382,0.0229166666666667
"FR",121,382,0.0206611570247934
"FR",122,382,0.0184426229508197
"FR",123,382,0.0142276422764228
"FR",124,382,0.0181451612903226
"FR",125,382,0.022
"FR",126,382,0.0218253968253968
"FR",127,382,0.0236220472440945
"FR",128,382,0.02734375
"FR",129,382,0.0251937984496124
"FR",130,382,0.0269230769230769
"FR",131,382,0.0267175572519084
"FR",132,382,0.0284090909090909
"FR",133,382,0.0281954887218045
"FR",134,382,0.0317164179104478
"FR",135,382,0.0296296296296296
"FR",136,382,0.0294117647058824
"FR",137,382,0.0328467153284672
"FR",138,382,0.0326086956521739
"FR",139,382,0.0305755395683453
"FR",140,382,0.0303571428571429
"FR",141,382,0.0319148936170213
"FR",142,382,0.028169014084507
"FR",143,382,0.027972027972028
"FR",144,382,0.0277777777777778
"FR",145,382,0.0275862068965517
"FR",146,382,0.0291095890410959
"FR",147,382,0.0306122448979592
"FR",148,382,0.0304054054054054
"FR",149,382,0.0302013422818792
"FR",150,382,0.0266666666666667
"FR",151,382,0.0264900662251656
"FR",152,382,0.0279605263157895
"FR",153,382,0.0261437908496732
"FR",154,382,0.025974025974026
"FR",155,382,0.0274193548387097
"FR",156,382,0.0272435897435897
"FR",157,382,0.0302547770700637
"FR",158,382,0.0300632911392405
"FR",159,382,0.029874213836478
"FR",160,382,0.03125
"FR",161,382,0.0326086956521739
"FR",162,382,0.0324074074074074
"FR",163,382,0.0322085889570552
"FR",164,382,0.0320121951219512
"FR",165,382,0.0348484848484849
"FR",166,382,0.036144578313253
"FR",167,382,0.0329341317365269
"FR",168,382,0.03125
"FR",169,382,0.0325443786982249
"FR",170,382,0.0323529411764706
"FR",171,382,0.033625730994152
"FR",172,382,0.0363372093023256
"FR",173,382,0.0375722543352601
"FR",174,382,0.0387931034482759
"FR",175,382,0.04
"FR",176,382,0.0426136363636364
"FR",177,382,0.0409604519774011
"FR",178,382,0.0407303370786517
"FR",179,382,0.0391061452513966
"FR",180,382,0.0375
"FR",181,382,0.0386740331491713
"FR",182,382,0.0384615384615385
"FR",183,382,0.0368852459016393
"FR",184,382,0.0366847826086956
"FR",185,382,0.0351351351351351
"FR",186,382,0.0362903225806452
"FR",187,382,0.0387700534759358
"FR",188,382,0.0372340425531915
"FR",189,382,0.0357142857142857
"FR",190,382,0.0355263157894737
"FR",191,382,0.0366492146596859
"FR",192,382,0.0364583333333333
"FR",193,382,0.0349740932642487
"FR",194,382,0.0322164948453608
"FR",195,382,0.0320512820512821
"FR",196,382,0.0344387755102041
"FR",197,382,0.032994923857868
"FR",198,382,0.0340909090909091
"FR",199,382,0.0339195979899497
"FR",200,382,0.035
"FR",201,382,0.0360696517412935
"FR",202,382,0.0358910891089109
"FR",203,382,0.0357142857142857
"FR",204,382,0.0343137254901961
"FR",205,382,0.0341463414634146
"FR",206,382,0.0339805825242718
"FR",207,382,0.0314009661835749
"FR",208,382,0.03125
"FR",209,382,0.0299043062200957
"FR",210,382,0.0321428571428571
"FR",211,382,0.0319905213270142
"FR",212,382,0.0318396226415094
"FR",213,382,0.0316901408450704
"FR",214,382,0.0315420560747664
"FR",215,382,0.0325581395348837
"FR",216,382,0.0324074074074074
"FR",217,382,0.032258064516129
"FR",218,382,0.033256880733945
"FR",219,382,0.0319634703196347
"FR",220,382,0.0295454545454545
"FR",221,382,0.0294117647058824
"FR",222,382,0.0292792792792793
"FR",223,382,0.0302690582959641
"FR",224,382,0.03125
"FR",225,382,0.0322222222222222
"FR",226,382,0.0320796460176991
"FR",227,382,0.0330396475770925
"FR",228,382,0.0317982456140351
"FR",229,382,0.0327510917030568
"FR",230,382,0.0326086956521739
"FR",231,382,0.0324675324675325
"FR",232,382,0.03125
"FR",233,382,0.0321888412017167
"FR",234,382,0.0341880341880342
"FR",235,382,0.0329787234042553
"FR",236,382,0.0328389830508475
"FR",237,382,0.0327004219409283
"FR",238,382,0.032563025210084
"FR",239,382,0.0345188284518828
"FR",240,382,0.0354166666666667
"FR",241,382,0.0352697095435685
"FR",242,382,0.0351239669421488
"FR",243,382,0.0349794238683128
"FR",244,382,0.0348360655737705
"FR",245,382,0.0336734693877551
"FR",246,382,0.0345528455284553
"FR",247,382,0.034412955465587
"FR",248,382,0.0332661290322581
"FR",249,382,0.0331325301204819
"FR",250,382,0.035
"FR",251,382,0.0368525896414343
"FR",252,382,0.0347222222222222
"FR",253,382,0.0345849802371542
"FR",254,382,0.0344488188976378
"FR",255,382,0.0352941176470588
"FR",256,382,0.0361328125
"FR",257,382,0.0359922178988327
"FR",258,382,0.0368217054263566
"FR",259,382,0.0376447876447876
"FR",260,382,0.0365384615384615
"FR",261,382,0.0363984674329502
"FR",262,382,0.0362595419847328
"FR",263,382,0.0370722433460076
"FR",264,382,0.0350378787878788
"FR",265,382,0.0349056603773585
"FR",266,382,0.0347744360902256
"FR",267,382,0.0346441947565543
"FR",268,382,0.0354477611940298
"FR",269,382,0.0343866171003717
"FR",270,382,0.0361111111111111
"FR",271,382,0.0350553505535055
"FR",272,382,0.0340073529411765
"FR",273,382,0.032967032967033
"FR",274,382,0.0328467153284672
"FR",275,382,0.0345454545454545
"FR",276,382,0.0335144927536232
"FR",277,382,0.0351985559566787
"FR",278,382,0.0350719424460432
"FR",279,382,0.0367383512544803
"FR",280,382,0.0366071428571429
"FR",281,382,0.0373665480427046
"FR",282,382,0.0363475177304965
"FR",283,382,0.0371024734982332
"FR",284,382,0.0378521126760563
"FR",285,382,0.0368421052631579
"FR",286,382,0.0367132867132867
"FR",287,382,0.0374564459930314
"FR",288,382,0.0373263888888889
"FR",289,382,0.03719723183391
"FR",290,382,0.0379310344827586
"FR",291,382,0.0378006872852234
"FR",292,382,0.0376712328767123
"FR",293,382,0.037542662116041
"FR",294,382,0.0374149659863946
"FR",295,382,0.0372881355932203
"FR",296,382,0.0371621621621622
"FR",297,382,0.037037037037037
"FR",298,382,0.037751677852349
"FR",299,382,0.0376254180602007
"FR",300,382,0.0375
"FR",301,382,0.037375415282392
"FR",302,382,0.0355960264900662
"FR",303,382,0.0363036303630363
"FR",304,382,0.0353618421052632
"FR",305,382,0.0352459016393443
"FR",306,382,0.0334967320261438
"FR",307,382,0.0342019543973941
"FR",308,382,0.0349025974025974
"FR",309,382,0.0339805825242718
"FR",310,382,0.032258064516129
"FR",311,382,0.0313504823151125
"FR",312,382,0.0328525641025641
"FR",313,382,0.0319488817891374
"FR",314,382,0.0310509554140127
"FR",315,382,0.0317460317460317
"FR",316,382,0.0332278481012658
"FR",317,382,0.0331230283911672
"FR",318,382,0.0338050314465409
"FR",319,382,0.0329153605015674
"FR",320,382,0.03203125
"FR",321,382,0.0311526479750779
"FR",322,382,0.031055900621118
"FR",323,382,0.0294117647058824
"FR",324,382,0.0308641975308642
"FR",325,382,0.03
"FR",326,382,0.031441717791411
"FR",327,382,0.0313455657492355
"FR",328,382,0.0320121951219512
"FR",329,382,0.033434650455927
"FR",330,382,0.0310606060606061
"FR",331,382,0.0302114803625378
"FR",332,382,0.0301204819277108
"FR",333,382,0.0292792792792793
"FR",334,382,0.029940119760479
"FR",335,382,0.0291044776119403
"FR",336,382,0.0290178571428571
"FR",337,382,0.0274480712166172
"FR",338,382,0.0266272189349112
"FR",339,382,0.0272861356932153
"FR",340,382,0.0272058823529412
"FR",341,382,0.0278592375366569
"FR",342,382,0.0263157894736842
"FR",343,382,0.0269679300291545
"FR",344,382,0.0268895348837209
"FR",345,382,0.0268115942028985
"FR",346,382,0.0267341040462428
"FR",347,382,0.0273775216138329
"FR",348,382,0.0280172413793103
"FR",349,382,0.0265042979942693
"FR",350,382,0.0257142857142857
"FR",351,382,0.0249287749287749
"FR",352,382,0.0248579545454545
"FR",353,382,0.023371104815864
"FR",354,382,0.0225988700564972
"FR",355,382,0.021830985915493
"FR",356,382,0.0217696629213483
"FR",357,382,0.0203081232492997
"FR",358,382,0.0195530726256983
"FR",359,382,0.0188022284122563
"FR",360,382,0.0173611111111111
"FR",361,382,0.0173130193905817
"FR",362,382,0.0165745856353591
"FR",363,382,0.0151515151515152
"FR",364,382,0.0151098901098901
"FR",365,382,0.0143835616438356
"FR",366,382,0.0129781420765027
"FR",367,382,0.0122615803814714
"FR",368,382,0.0115489130434783
"FR",369,382,0.0101626016260163
"FR",370,382,0.0101351351351351
"FR",371,382,0.00876010781671159
"FR",372,382,0.00806451612903226
"FR",373,382,0.00670241286863271
"FR",374,382,0.00401069518716578
"FR",375,382,0.004
"FR",376,382,0.00398936170212766
"FR",377,382,0.00331564986737401
"FR",378,382,0.00264550264550265
"FR",379,382,0.00263852242744063
"FR",380,382,0.00263157894736842
"FR",381,382,0.00131233595800525
"FR",382,382,0
"IT",2,522,0
"IT",3,522,0
"IT",4,522,0
"IT",5,522,0.1
"IT",6,522,0.0416666666666667
"IT",7,522,0
"IT",8,522,0.0625
"IT",9,522,0.0277777777777778
"IT",10,522,0.075
"IT",11,522,0
"IT",12,522,0
"IT",13,522,0.0192307692307692
"IT",14,522,0.0535714285714286
"IT",15,522,0.05
"IT",16,522,0.046875
"IT",17,522,0.0147058823529412
"IT",18,522,0.0416666666666667
"IT",19,522,0.0263157894736842
"IT",20,522,0.0375
"IT",21,522,0.0357142857142857
"IT",22,522,0.0340909090909091
"IT",23,522,0.0434782608695652
"IT",24,522,0.0208333333333333
"IT",25,522,0.03
"IT",26,522,0.0288461538461538
"IT",27,522,0.037037037037037
"IT",28,522,0.0267857142857143
"IT",29,522,0.0258620689655172
"IT",30,522,0.0166666666666667
"IT",31,522,0.032258064516129
"IT",32,522,0.0234375
"IT",33,522,0.0378787878787879
"IT",34,522,0.0220588235294118
"IT",35,522,0.0214285714285714
"IT",36,522,0.0208333333333333
"IT",37,522,0.0202702702702703
"IT",38,522,0.0197368421052632
"IT",39,522,0.0256410256410256
"IT",40,522,0.025
"IT",41,522,0.0304878048780488
"IT",42,522,0.0178571428571429
"IT",43,522,0.0174418604651163
"IT",44,522,0.0397727272727273
"IT",45,522,0.0333333333333333
"IT",46,522,0.0326086956521739
"IT",47,522,0.0372340425531915
"IT",48,522,0.046875
"IT",49,522,0.0510204081632653
"IT",50,522,0.045
"IT",51,522,0.0392156862745098
"IT",52,522,0.0480769230769231
"IT",53,522,0.0471698113207547
"IT",54,522,0.037037037037037
"IT",55,522,0.0454545454545455
"IT",56,522,0.0401785714285714
"IT",57,522,0.0350877192982456
"IT",58,522,0.0258620689655172
"IT",59,522,0.0338983050847458
"IT",60,522,0.0333333333333333
"IT",61,522,0.0286885245901639
"IT",62,522,0.032258064516129
"IT",63,522,0.0317460317460317
"IT",64,522,0.0234375
"IT",65,522,0.0192307692307692
"IT",66,522,0.0227272727272727
"IT",67,522,0.0149253731343284
"IT",68,522,0.0147058823529412
"IT",69,522,0.0253623188405797
"IT",70,522,0.0285714285714286
"IT",71,522,0.0246478873239437
"IT",72,522,0.0243055555555556
"IT",73,522,0.0308219178082192
"IT",74,522,0.0337837837837838
"IT",75,522,0.0333333333333333
"IT",76,522,0.0328947368421053
"IT",77,522,0.025974025974026
"IT",78,522,0.0256410256410256
"IT",79,522,0.0253164556962025
"IT",80,522,0.021875
"IT",81,522,0.0246913580246914
"IT",82,522,0.024390243902439
"IT",83,522,0.0240963855421687
"IT",84,522,0.0238095238095238
"IT",85,522,0.0294117647058824
"IT",86,522,0.0290697674418605
"IT",87,522,0.028735632183908
"IT",88,522,0.0255681818181818
"IT",89,522,0.0252808988764045
"IT",90,522,0.0277777777777778
"IT",91,522,0.0247252747252747
"IT",92,522,0.0271739130434783
"IT",93,522,0.0295698924731183
"IT",94,522,0.0292553191489362
"IT",95,522,0.0289473684210526
"IT",96,522,0.0286458333333333
"IT",97,522,0.0257731958762887
"IT",98,522,0.0255102040816327
"IT",99,522,0.0252525252525253
"IT",100,522,0.0325
"IT",101,522,0.0297029702970297
"IT",102,522,0.0294117647058824
"IT",103,522,0.0339805825242718
"IT",104,522,0.0360576923076923
"IT",105,522,0.0380952380952381
"IT",106,522,0.035377358490566
"IT",107,522,0.0373831775700935
"IT",108,522,0.037037037037037
"IT",109,522,0.036697247706422
"IT",110,522,0.0340909090909091
"IT",111,522,0.0337837837837838
"IT",112,522,0.03125
"IT",113,522,0.0331858407079646
"IT",114,522,0.0350877192982456
"IT",115,522,0.0326086956521739
"IT",116,522,0.0344827586206897
"IT",117,522,0.0363247863247863
"IT",118,522,0.0360169491525424
"IT",119,522,0.0336134453781513
"IT",120,522,0.0354166666666667
"IT",121,522,0.0371900826446281
"IT",122,522,0.0307377049180328
"IT",123,522,0.0304878048780488
"IT",124,522,0.030241935483871
"IT",125,522,0.032
"IT",126,522,0.0297619047619048
"IT",127,522,0.0334645669291339
"IT",128,522,0.0390625
"IT",129,522,0.0387596899224806
"IT",130,522,0.0384615384615385
"IT",131,522,0.0381679389312977
"IT",132,522,0.0340909090909091
"IT",133,522,0.0338345864661654
"IT",134,522,0.0373134328358209
"IT",135,522,0.0388888888888889
"IT",136,522,0.0386029411764706
"IT",137,522,0.0383211678832117
"IT",138,522,0.0326086956521739
"IT",139,522,0.0305755395683453
"IT",140,522,0.0285714285714286
"IT",141,522,0.0265957446808511
"IT",142,522,0.028169014084507
"IT",143,522,0.0297202797202797
"IT",144,522,0.03125
"IT",145,522,0.0327586206896552
"IT",146,522,0.0325342465753425
"IT",147,522,0.032312925170068
"IT",148,522,0.027027027027027
"IT",149,522,0.0251677852348993
"IT",150,522,0.025
"IT",151,522,0.021523178807947
"IT",152,522,0.0213815789473684
"IT",153,522,0.0228758169934641
"IT",154,522,0.0243506493506494
"IT",155,522,0.0241935483870968
"IT",156,522,0.0240384615384615
"IT",157,522,0.0254777070063694
"IT",158,522,0.0268987341772152
"IT",159,522,0.0283018867924528
"IT",160,522,0.028125
"IT",161,522,0.031055900621118
"IT",162,522,0.0339506172839506
"IT",163,522,0.0322085889570552
"IT",164,522,0.0320121951219512
"IT",165,522,0.0333333333333333
"IT",166,522,0.0316265060240964
"IT",167,522,0.031437125748503
"IT",168,522,0.0327380952380952
"IT",169,522,0.0340236686390533
"IT",170,522,0.0308823529411765
"IT",171,522,0.0307017543859649
"IT",172,522,0.0305232558139535
"IT",173,522,0.0332369942196532
"IT",174,522,0.0330459770114943
"IT",175,522,0.0357142857142857
"IT",176,522,0.0369318181818182
"IT",177,522,0.0353107344632768
"IT",178,522,0.0365168539325843
"IT",179,522,0.032122905027933
"IT",180,522,0.0347222222222222
"IT",181,522,0.031767955801105
"IT",182,522,0.0315934065934066
"IT",183,522,0.0314207650273224
"IT",184,522,0.0353260869565217
"IT",185,522,0.0364864864864865
"IT",186,522,0.0403225806451613
"IT",187,522,0.0374331550802139
"IT",188,522,0.0372340425531915
"IT",189,522,0.0383597883597884
"IT",190,522,0.0381578947368421
"IT",191,522,0.0366492146596859
"IT",192,522,0.0364583333333333
"IT",193,522,0.0375647668393782
"IT",194,522,0.0360824742268041
"IT",195,522,0.0358974358974359
"IT",196,522,0.0369897959183673
"IT",197,522,0.0368020304568528
"IT",198,522,0.0366161616161616
"IT",199,522,0.0351758793969849
"IT",200,522,0.0325
"IT",201,522,0.0310945273631841
"IT",202,522,0.0309405940594059
"IT",203,522,0.0295566502463054
"IT",204,522,0.0269607843137255
"IT",205,522,0.0280487804878049
"IT",206,522,0.0266990291262136
"IT",207,522,0.0277777777777778
"IT",208,522,0.0288461538461538
"IT",209,522,0.0311004784688995
"IT",210,522,0.0321428571428571
"IT",211,522,0.0319905213270142
"IT",212,522,0.0330188679245283
"IT",213,522,0.0328638497652582
"IT",214,522,0.0338785046728972
"IT",215,522,0.036046511627907
"IT",216,522,0.0335648148148148
"IT",217,522,0.0334101382488479
"IT",218,522,0.033256880733945
"IT",219,522,0.0331050228310502
"IT",220,522,0.0352272727272727
"IT",221,522,0.0350678733031674
"IT",222,522,0.0337837837837838
"IT",223,522,0.0336322869955157
"IT",224,522,0.0334821428571429
"IT",225,522,0.0322222222222222
"IT",226,522,0.0320796460176991
"IT",227,522,0.0330396475770925
"IT",228,522,0.0317982456140351
"IT",229,522,0.0305676855895196
"IT",230,522,0.0315217391304348
"IT",231,522,0.0324675324675325
"IT",232,522,0.0334051724137931
"IT",233,522,0.0332618025751073
"IT",234,522,0.032051282051282
"IT",235,522,0.0297872340425532
"IT",236,522,0.0296610169491525
"IT",237,522,0.0274261603375527
"IT",238,522,0.0262605042016807
"IT",239,522,0.0271966527196653
"IT",240,522,0.0270833333333333
"IT",241,522,0.0259336099585062
"IT",242,522,0.0247933884297521
"IT",243,522,0.0257201646090535
"IT",244,522,0.0245901639344262
"IT",245,522,0.0244897959183673
"IT",246,522,0.024390243902439
"IT",247,522,0.0253036437246964
"IT",248,522,0.0262096774193548
"IT",249,522,0.0251004016064257
"IT",250,522,0.025
"IT",251,522,0.0249003984063745
"IT",252,522,0.0257936507936508
"IT",253,522,0.0256916996047431
"IT",254,522,0.0255905511811024
"IT",255,522,0.0235294117647059
"IT",256,522,0.0244140625
"IT",257,522,0.0252918287937743
"IT",258,522,0.0242248062015504
"IT",259,522,0.0250965250965251
"IT",260,522,0.025
"IT",261,522,0.024904214559387
"IT",262,522,0.0248091603053435
"IT",263,522,0.0247148288973384
"IT",264,522,0.0255681818181818
"IT",265,522,0.0264150943396226
"IT",266,522,0.0281954887218045
"IT",267,522,0.0280898876404494
"IT",268,522,0.0289179104477612
"IT",269,522,0.0288104089219331
"IT",270,522,0.0277777777777778
"IT",271,522,0.029520295202952
"IT",272,522,0.0275735294117647
"IT",273,522,0.0283882783882784
"IT",274,522,0.0255474452554745
"IT",275,522,0.0263636363636364
"IT",276,522,0.026268115942029
"IT",277,522,0.026173285198556
"IT",278,522,0.0260791366906475
"IT",279,522,0.0259856630824373
"IT",280,522,0.0276785714285714
"IT",281,522,0.0266903914590747
"IT",282,522,0.0265957446808511
"IT",283,522,0.0273851590106007
"IT",284,522,0.0272887323943662
"IT",285,522,0.0271929824561404
"IT",286,522,0.027972027972028
"IT",287,522,0.0278745644599303
"IT",288,522,0.0286458333333333
"IT",289,522,0.0285467128027682
"IT",290,522,0.0275862068965517
"IT",291,522,0.0283505154639175
"IT",292,522,0.0282534246575342
"IT",293,522,0.0264505119453925
"IT",294,522,0.0263605442176871
"IT",295,522,0.026271186440678
"IT",296,522,0.0278716216216216
"IT",297,522,0.0286195286195286
"IT",298,522,0.0285234899328859
"IT",299,522,0.0284280936454849
"IT",300,522,0.0275
"IT",301,522,0.0282392026578073
"IT",302,522,0.027317880794702
"IT",303,522,0.0288778877887789
"IT",304,522,0.0279605263157895
"IT",305,522,0.0286885245901639
"IT",306,522,0.0294117647058824
"IT",307,522,0.0309446254071661
"IT",308,522,0.0324675324675325
"IT",309,522,0.0331715210355987
"IT",310,522,0.032258064516129
"IT",311,522,0.0329581993569132
"IT",312,522,0.032051282051282
"IT",313,522,0.0319488817891374
"IT",314,522,0.0310509554140127
"IT",315,522,0.030952380952381
"IT",316,522,0.0300632911392405
"IT",317,522,0.0307570977917981
"IT",318,522,0.0306603773584906
"IT",319,522,0.0321316614420063
"IT",320,522,0.034375
"IT",321,522,0.0342679127725857
"IT",322,522,0.0326086956521739
"IT",323,522,0.031733746130031
"IT",324,522,0.0300925925925926
"IT",325,522,0.03
"IT",326,522,0.0306748466257669
"IT",327,522,0.0298165137614679
"IT",328,522,0.0297256097560976
"IT",329,522,0.0303951367781155
"IT",330,522,0.0303030303030303
"IT",331,522,0.0302114803625378
"IT",332,522,0.0301204819277108
"IT",333,522,0.0277777777777778
"IT",334,522,0.0269461077844311
"IT",335,522,0.026865671641791
"IT",336,522,0.0275297619047619
"IT",337,522,0.0274480712166172
"IT",338,522,0.0266272189349112
"IT",339,522,0.025811209439528
"IT",340,522,0.025
"IT",341,522,0.0249266862170088
"IT",342,522,0.0255847953216374
"IT",343,522,0.0247813411078717
"IT",344,522,0.0239825581395349
"IT",345,522,0.0239130434782609
"IT",346,522,0.0238439306358381
"IT",347,522,0.0244956772334294
"IT",348,522,0.0244252873563218
"IT",349,522,0.0257879656160458
"IT",350,522,0.0264285714285714
"IT",351,522,0.0256410256410256
"IT",352,522,0.0255681818181818
"IT",353,522,0.0262039660056657
"IT",354,522,0.0261299435028249
"IT",355,522,0.0253521126760563
"IT",356,522,0.0245786516853933
"IT",357,522,0.0245098039215686
"IT",358,522,0.0258379888268156
"IT",359,522,0.0243732590529248
"IT",360,522,0.0229166666666667
"IT",361,522,0.0228531855955679
"IT",362,522,0.0220994475138122
"IT",363,522,0.0227272727272727
"IT",364,522,0.021978021978022
"IT",365,522,0.0219178082191781
"IT",366,522,0.0211748633879781
"IT",367,522,0.0204359673024523
"IT",368,522,0.0203804347826087
"IT",369,522,0.0210027100271003
"IT",370,522,0.0195945945945946
"IT",371,522,0.0208894878706199
"IT",372,522,0.0221774193548387
"IT",373,522,0.0221179624664879
"IT",374,522,0.0233957219251337
"IT",375,522,0.0226666666666667
"IT",376,522,0.0219414893617021
"IT",377,522,0.0218832891246684
"IT",378,522,0.0238095238095238
"IT",379,522,0.025065963060686
"IT",380,522,0.0243421052631579
"IT",381,522,0.0249343832020997
"IT",382,522,0.0255235602094241
"IT",383,522,0.0261096605744125
"IT",384,522,0.025390625
"IT",385,522,0.0246753246753247
"IT",386,522,0.0246113989637306
"IT",387,522,0.0232558139534884
"IT",388,522,0.023840206185567
"IT",389,522,0.0244215938303342
"IT",390,522,0.0237179487179487
"IT",391,522,0.0230179028132992
"IT",392,522,0.0229591836734694
"IT",393,522,0.0241730279898219
"IT",394,522,0.0241116751269036
"IT",395,522,0.0246835443037975
"IT",396,522,0.0246212121212121
"IT",397,522,0.0245591939546599
"IT",398,522,0.0251256281407035
"IT",399,522,0.025062656641604
"IT",400,522,0.025
"IT",401,522,0.0255610972568579
"IT",402,522,0.0248756218905473
"IT",403,522,0.0248138957816377
"IT",404,522,0.0241336633663366
"IT",405,522,0.0253086419753086
"IT",406,522,0.0252463054187192
"IT",407,522,0.0251842751842752
"IT",408,522,0.0251225490196078
"IT",409,522,0.023838630806846
"IT",410,522,0.025
"IT",411,522,0.0255474452554745
"IT",412,522,0.0242718446601942
"IT",413,522,0.0242130750605327
"IT",414,522,0.0229468599033816
"IT",415,522,0.0228915662650602
"IT",416,522,0.0228365384615385
"IT",417,522,0.0221822541966427
"IT",418,522,0.0227272727272727
"IT",419,522,0.022673031026253
"IT",420,522,0.0226190476190476
"IT",421,522,0.0219714964370546
"IT",422,522,0.0219194312796209
"IT",423,522,0.0218676122931442
"IT",424,522,0.0212264150943396
"IT",425,522,0.0211764705882353
"IT",426,522,0.0211267605633803
"IT",427,522,0.0210772833723653
"IT",428,522,0.0204439252336449
"IT",429,522,0.0192307692307692
"IT",430,522,0.0186046511627907
"IT",431,522,0.0185614849187935
"IT",432,522,0.0196759259259259
"IT",433,522,0.0190531177829099
"IT",434,522,0.0184331797235023
"IT",435,522,0.0189655172413793
"IT",436,522,0.0189220183486239
"IT",437,522,0.0183066361556064
"IT",438,522,0.0194063926940639
"IT",439,522,0.0199316628701595
"IT",440,522,0.0204545454545455
"IT",441,522,0.0204081632653061
"IT",442,522,0.0197963800904977
"IT",443,522,0.0197516930022573
"IT",444,522,0.0213963963963964
"IT",445,522,0.0213483146067416
"IT",446,522,0.0207399103139013
"IT",447,522,0.0195749440715884
"IT",448,522,0.0206473214285714
"IT",449,522,0.0206013363028953
"IT",450,522,0.0205555555555556
"IT",451,522,0.0199556541019956
"IT",452,522,0.0188053097345133
"IT",453,522,0.0193156732891832
"IT",454,522,0.0198237885462555
"IT",455,522,0.0197802197802198
"IT",456,522,0.0202850877192982
"IT",457,522,0.0202407002188184
"IT",458,522,0.0207423580786026
"IT",459,522,0.0196078431372549
"IT",460,522,0.0195652173913043
"IT",461,522,0.0195227765726681
"IT",462,522,0.0194805194805195
"IT",463,522,0.0188984881209503
"IT",464,522,0.0188577586206897
"IT",465,522,0.0188172043010753
"IT",466,522,0.0187768240343348
"IT",467,522,0.0182012847965739
"IT",468,522,0.0181623931623932
"IT",469,522,0.0181236673773987
"IT",470,522,0.0170212765957447
"IT",471,522,0.0169851380042463
"IT",472,522,0.0158898305084746
"IT",473,522,0.016384778012685
"IT",474,522,0.0174050632911392
"IT",475,522,0.0173684210526316
"IT",476,522,0.0168067226890756
"IT",477,522,0.0167714884696017
"IT",478,522,0.0162133891213389
"IT",479,522,0.0161795407098121
"IT",480,522,0.0171875
"IT",481,522,0.0176715176715177
"IT",482,522,0.0176348547717842
"IT",483,522,0.0181159420289855
"IT",484,522,0.0180785123966942
"IT",485,522,0.0170103092783505
"IT",486,522,0.0169753086419753
"IT",487,522,0.0164271047227926
"IT",488,522,0.0163934426229508
"IT",489,522,0.0153374233128834
"IT",490,522,0.0153061224489796
"IT",491,522,0.014765784114053
"IT",492,522,0.0152439024390244
"IT",493,522,0.0152129817444219
"IT",494,522,0.013663967611336
"IT",495,522,0.0131313131313131
"IT",496,522,0.0126008064516129
"IT",497,522,0.0125754527162978
"IT",498,522,0.0125502008032129
"IT",499,522,0.0125250501002004
"IT",500,522,0.012
"IT",501,522,0.0119760479041916
"IT",502,522,0.0109561752988048
"IT",503,522,0.010934393638171
"IT",504,522,0.00992063492063492
"IT",505,522,0.0099009900990099
"IT",506,522,0.00988142292490119
"IT",507,522,0.00887573964497041
"IT",508,522,0.00836614173228346
"IT",509,522,0.00834970530451866
"IT",510,522,0.00833333333333333
"IT",511,522,0.0073385518590998
"IT",512,522,0.00732421875
"IT",513,522,0.00633528265107212
"IT",514,522,0.00535019455252918
"IT",515,522,0.00533980582524272
"IT",516,522,0.00436046511627907
"IT",517,522,0.00290135396518375
"IT",518,522,0.00241312741312741
"IT",519,522,0.00192678227360308
"IT",520,522,0.000961538461538462
"IT",521,522,0.000959692898272553
"IT",522,522,0
"NL",2,180,0
"NL",3,180,0
"NL",4,180,0.0625
"NL",5,180,0.05
"NL",6,180,0
"NL",7,180,0
"NL",8,180,0
"NL",9,180,0.0277777777777778
"NL",10,180,0.075
"NL",11,180,0.0454545454545455
"NL",12,180,0.0208333333333333
"NL",13,180,0.0769230769230769
"NL",14,180,0.0892857142857143
"NL",15,180,0.0666666666666667
"NL",16,180,0.078125
"NL",17,180,0.0441176470588235
"NL",18,180,0.0416666666666667
"NL",19,180,0.0263157894736842
"NL",20,180,0.0375
"NL",21,180,0.0357142857142857
"NL",22,180,0.0568181818181818
"NL",23,180,0.0652173913043478
"NL",24,180,0.0625
"NL",25,180,0.07
"NL",26,180,0.0673076923076923
"NL",27,180,0.0740740740740741
"NL",28,180,0.0803571428571428
"NL",29,180,0.0689655172413793
"NL",30,180,0.0416666666666667
"NL",31,180,0.0403225806451613
"NL",32,180,0.046875
"NL",33,180,0.0227272727272727
"NL",34,180,0.0294117647058824
"NL",35,180,0.0428571428571429
"NL",36,180,0.0277777777777778
"NL",37,180,0.0337837837837838
"NL",38,180,0.0263157894736842
"NL",39,180,0.032051282051282
"NL",40,180,0.03125
"NL",41,180,0.0304878048780488
"NL",42,180,0.0357142857142857
"NL",43,180,0.0348837209302326
"NL",44,180,0.0340909090909091
"NL",45,180,0.0388888888888889
"NL",46,180,0.0380434782608696
"NL",47,180,0.0372340425531915
"NL",48,180,0.0364583333333333
"NL",49,180,0.0408163265306122
"NL",50,180,0.04
"NL",51,180,0.0441176470588235
"NL",52,180,0.0480769230769231
"NL",53,180,0.0471698113207547
"NL",54,180,0.0462962962962963
"NL",55,180,0.0409090909090909
"NL",56,180,0.0357142857142857
"NL",57,180,0.0394736842105263
"NL",58,180,0.0431034482758621
"NL",59,180,0.0466101694915254
"NL",60,180,0.0458333333333333
"NL",61,180,0.0368852459016393
"NL",62,180,0.0362903225806452
"NL",63,180,0.0396825396825397
"NL",64,180,0.04296875
"NL",65,180,0.0461538461538462
"NL",66,180,0.0454545454545455
"NL",67,180,0.0485074626865672
"NL",68,180,0.0514705882352941
"NL",69,180,0.0543478260869565
"NL",70,180,0.0571428571428571
"NL",71,180,0.0563380281690141
"NL",72,180,0.0625
"NL",73,180,0.0684931506849315
"NL",74,180,0.0608108108108108
"NL",75,180,0.0566666666666667
"NL",76,180,0.0493421052631579
"NL",77,180,0.038961038961039
"NL",78,180,0.0416666666666667
"NL",79,180,0.0443037974683544
"NL",80,180,0.04375
"NL",81,180,0.0401234567901235
"NL",82,180,0.0457317073170732
"NL",83,180,0.0451807228915663
"NL",84,180,0.0476190476190476
"NL",85,180,0.0529411764705882
"NL",86,180,0.0552325581395349
"NL",87,180,0.0545977011494253
"NL",88,180,0.0482954545454545
"NL",89,180,0.047752808988764
"NL",90,180,0.0527777777777778
"NL",91,180,0.0549450549450549
"NL",92,180,0.0543478260869565
"NL",93,180,0.0537634408602151
"NL",94,180,0.050531914893617
"NL",95,180,0.05
"NL",96,180,0.0494791666666667
"NL",97,180,0.0489690721649485
"NL",98,180,0.0510204081632653
"NL",99,180,0.047979797979798
"NL",100,180,0.05
"NL",101,180,0.051980198019802
"NL",102,180,0.0490196078431373
"NL",103,180,0.0412621359223301
"NL",104,180,0.0384615384615385
"NL",105,180,0.0380952380952381
"NL",106,180,0.035377358490566
"NL",107,180,0.0373831775700935
"NL",108,180,0.0393518518518518
"NL",109,180,0.0389908256880734
"NL",110,180,0.0454545454545455
"NL",111,180,0.0405405405405405
"NL",112,180,0.0401785714285714
"NL",113,180,0.0331858407079646
"NL",114,180,0.0285087719298246
"NL",115,180,0.0260869565217391
"NL",116,180,0.0237068965517241
"NL",117,180,0.0235042735042735
"NL",118,180,0.0233050847457627
"NL",119,180,0.0189075630252101
"NL",120,180,0.01875
"NL",121,180,0.0185950413223141
"NL",122,180,0.0204918032786885
"NL",123,180,0.0223577235772358
"NL",124,180,0.0262096774193548
"NL",125,180,0.026
"NL",126,180,0.0238095238095238
"NL",127,180,0.0295275590551181
"NL",128,180,0.029296875
"NL",129,180,0.0290697674418605
"NL",130,180,0.0269230769230769
"NL",131,180,0.0248091603053435
"NL",132,180,0.0246212121212121
"NL",133,180,0.0281954887218045
"NL",134,180,0.0335820895522388
"NL",135,180,0.0314814814814815
"NL",136,180,0.0275735294117647
"NL",137,180,0.0255474452554745
"NL",138,180,0.0253623188405797
"NL",139,180,0.026978417266187
"NL",140,180,0.025
"NL",141,180,0.0212765957446809
"NL",142,180,0.0211267605633803
"NL",143,180,0.0244755244755245
"NL",144,180,0.0260416666666667
"NL",145,180,0.0258620689655172
"NL",146,180,0.0273972602739726
"NL",147,180,0.0272108843537415
"NL",148,180,0.0253378378378378
"NL",149,180,0.0218120805369128
"NL",150,180,0.0216666666666667
"NL",151,180,0.021523178807947
"NL",152,180,0.0213815789473684
"NL",153,180,0.0212418300653595
"NL",154,180,0.0194805194805195
"NL",155,180,0.0209677419354839
"NL",156,180,0.0208333333333333
"NL",157,180,0.0222929936305732
"NL",158,180,0.0205696202531646
"NL",159,180,0.020440251572327
"NL",160,180,0.0203125
"NL",161,180,0.0201863354037267
"NL",162,180,0.0200617283950617
"NL",163,180,0.0168711656441718
"NL",164,180,0.013719512195122
"NL",165,180,0.0151515151515152
"NL",166,180,0.0135542168674699
"NL",167,180,0.0149700598802395
"NL",168,180,0.0133928571428571
"NL",169,180,0.0162721893491124
"NL",170,180,0.0161764705882353
"NL",171,180,0.0146198830409357
"NL",172,180,0.0145348837209302
"NL",173,180,0.0115606936416185
"NL",174,180,0.00862068965517241
"NL",175,180,0.00857142857142857
"NL",176,180,0.00852272727272727
"NL",177,180,0.00706214689265537
"NL",178,180,0.00280898876404494
"NL",179,180,0.00279329608938547
"NL",180,180,0
"PL",2,302,0
"PL",3,302,0
"PL",4,302,0
"PL",5,302,0
"PL",6,302,0.0416666666666667
"PL",7,302,0
"PL",8,302,0
"PL",9,302,0
"PL",10,302,0
"PL",11,302,0.0227272727272727
"PL",12,302,0.0208333333333333
"PL",13,302,0.0192307692307692
"PL",14,302,0.0178571428571429
"PL",15,302,0
"PL",16,302,0.03125
"PL",17,302,0.0147058823529412
"PL",18,302,0.0138888888888889
"PL",19,302,0.0131578947368421
"PL",20,302,0.0125
"PL",21,302,0.0238095238095238
"PL",22,302,0.0227272727272727
"PL",23,302,0.0326086956521739
"PL",24,302,0.0416666666666667
"PL",25,302,0.03
"PL",26,302,0.0480769230769231
"PL",27,302,0.0462962962962963
"PL",28,302,0.0357142857142857
"PL",29,302,0.0431034482758621
"PL",30,302,0.05
"PL",31,302,0.0483870967741935
"PL",32,302,0.046875
"PL",33,302,0.053030303030303
"PL",34,302,0.0514705882352941
"PL",35,302,0.0428571428571429
"PL",36,302,0.0208333333333333
"PL",37,302,0.0135135135135135
"PL",38,302,0.00657894736842105
"PL",39,302,0.0192307692307692
"PL",40,302,0.03125
"PL",41,302,0.0365853658536585
"PL",42,302,0.0476190476190476
"PL",43,302,0.0465116279069767
"PL",44,302,0.0397727272727273
"PL",45,302,0.0388888888888889
"PL",46,302,0.0380434782608696
"PL",47,302,0.0319148936170213
"PL",48,302,0.0416666666666667
"PL",49,302,0.0510204081632653
"PL",50,302,0.045
"PL",51,302,0.0490196078431373
"PL",52,302,0.0576923076923077
"PL",53,302,0.0566037735849057
"PL",54,302,0.0509259259259259
"PL",55,302,0.0545454545454545
"PL",56,302,0.0580357142857143
"PL",57,302,0.0526315789473684
"PL",58,302,0.0517241379310345
"PL",59,302,0.0466101694915254
"PL",60,302,0.05
"PL",61,302,0.0573770491803279
"PL",62,302,0.0564516129032258
"PL",63,302,0.0515873015873016
"PL",64,302,0.05078125
"PL",65,302,0.05
"PL",66,302,0.0378787878787879
"PL",67,302,0.041044776119403
"PL",68,302,0.0404411764705882
"PL",69,302,0.0434782608695652
"PL",70,302,0.0392857142857143
"PL",71,302,0.0457746478873239
"PL",72,302,0.0486111111111111
"PL",73,302,0.0513698630136986
"PL",74,302,0.0574324324324324
"PL",75,302,0.0566666666666667
"PL",76,302,0.0625
"PL",77,302,0.0616883116883117
"PL",78,302,0.0608974358974359
"PL",79,302,0.0632911392405063
"PL",80,302,0.06875
"PL",81,302,0.0679012345679012
"PL",82,302,0.0640243902439024
"PL",83,302,0.0572289156626506
"PL",84,302,0.0595238095238095
"PL",85,302,0.0617647058823529
"PL",86,302,0.061046511627907
"PL",87,302,0.0574712643678161
"PL",88,302,0.0625
"PL",89,302,0.0617977528089888
"PL",90,302,0.0666666666666667
"PL",91,302,0.0659340659340659
"PL",92,302,0.0652173913043478
"PL",93,302,0.0645161290322581
"PL",94,302,0.0638297872340425
"PL",95,302,0.0578947368421053
"PL",96,302,0.0598958333333333
"PL",97,302,0.0541237113402062
"PL",98,302,0.0561224489795918
"PL",99,302,0.0555555555555556
"PL",100,302,0.0575
"PL",101,302,0.0544554455445545
"PL",102,302,0.053921568627451
"PL",103,302,0.0558252427184466
"PL",104,302,0.0552884615384615
"PL",105,302,0.0595238095238095
"PL",106,302,0.0542452830188679
"PL",107,302,0.0560747663551402
"PL",108,302,0.0532407407407407
"PL",109,302,0.0527522935779817
"PL",110,302,0.0522727272727273
"PL",111,302,0.0540540540540541
"PL",112,302,0.0535714285714286
"PL",113,302,0.0508849557522124
"PL",114,302,0.0460526315789474
"PL",115,302,0.0478260869565217
"PL",116,302,0.0474137931034483
"PL",117,302,0.0534188034188034
"PL",118,302,0.0550847457627119
"PL",119,302,0.0504201680672269
"PL",120,302,0.0520833333333333
"PL",121,302,0.0516528925619835
"PL",122,302,0.0532786885245902
"PL",123,302,0.0528455284552846
"PL",124,302,0.0504032258064516
"PL",125,302,0.046
"PL",126,302,0.0436507936507936
"PL",127,302,0.0433070866141732
"PL",128,302,0.044921875
"PL",129,302,0.0426356589147287
"PL",130,302,0.0403846153846154
"PL",131,302,0.0400763358778626
"PL",132,302,0.0378787878787879
"PL",133,302,0.0357142857142857
"PL",134,302,0.0373134328358209
"PL",135,302,0.0388888888888889
"PL",136,302,0.0367647058823529
"PL",137,302,0.0383211678832117
"PL",138,302,0.0380434782608696
"PL",139,302,0.0413669064748201
"PL",140,302,0.0392857142857143
"PL",141,302,0.0354609929078014
"PL",142,302,0.0352112676056338
"PL",143,302,0.0332167832167832
"PL",144,302,0.0329861111111111
"PL",145,302,0.0310344827586207
"PL",146,302,0.0291095890410959
"PL",147,302,0.0289115646258503
"PL",148,302,0.0304054054054054
"PL",149,302,0.0335570469798658
"PL",150,302,0.035
"PL",151,302,0.0364238410596027
"PL",152,302,0.0411184210526316
"PL",153,302,0.0359477124183007
"PL",154,302,0.0340909090909091
"PL",155,302,0.032258064516129
"PL",156,302,0.0336538461538462
"PL",157,302,0.035031847133758
"PL",158,302,0.0332278481012658
"PL",159,302,0.0345911949685535
"PL",160,302,0.0359375
"PL",161,302,0.0341614906832298
"PL",162,302,0.037037037037037
"PL",163,302,0.0352760736196319
"PL",164,302,0.0350609756097561
"PL",165,302,0.0363636363636364
"PL",166,302,0.036144578313253
"PL",167,302,0.0329341317365269
"PL",168,302,0.03125
"PL",169,302,0.0340236686390533
"PL",170,302,0.0367647058823529
"PL",171,302,0.0394736842105263
"PL",172,302,0.0406976744186047
"PL",173,302,0.0404624277456647
"PL",174,302,0.0387931034482759
"PL",175,302,0.04
"PL",176,302,0.0411931818181818
"PL",177,302,0.0409604519774011
"PL",178,302,0.0407303370786517
"PL",179,302,0.0377094972067039
"PL",180,302,0.0388888888888889
"PL",181,302,0.0414364640883978
"PL",182,302,0.0412087912087912
"PL",183,302,0.0396174863387978
"PL",184,302,0.0394021739130435
"PL",185,302,0.0391891891891892
"PL",186,302,0.0389784946236559
"PL",187,302,0.0414438502673797
"PL",188,302,0.0398936170212766
"PL",189,302,0.0423280423280423
"PL",190,302,0.0394736842105263
"PL",191,302,0.0379581151832461
"PL",192,302,0.0364583333333333
"PL",193,302,0.0362694300518135
"PL",194,302,0.038659793814433
"PL",195,302,0.0384615384615385
"PL",196,302,0.038265306122449
"PL",197,302,0.0368020304568528
"PL",198,302,0.0340909090909091
"PL",199,302,0.0339195979899497
"PL",200,302,0.035
"PL",201,302,0.0385572139303483
"PL",202,302,0.0358910891089109
"PL",203,302,0.0344827586206897
"PL",204,302,0.0343137254901961
"PL",205,302,0.0329268292682927
"PL",206,302,0.0327669902912621
"PL",207,302,0.0338164251207729
"PL",208,302,0.03125
"PL",209,302,0.0322966507177034
"PL",210,302,0.0321428571428571
"PL",211,302,0.0319905213270142
"PL",212,302,0.0341981132075472
"PL",213,302,0.034037558685446
"PL",214,302,0.0338785046728972
"PL",215,302,0.0348837209302326
"PL",216,302,0.0358796296296296
"PL",217,302,0.0334101382488479
"PL",218,302,0.033256880733945
"PL",219,302,0.0342465753424658
"PL",220,302,0.0329545454545455
"PL",221,302,0.0316742081447964
"PL",222,302,0.0304054054054054
"PL",223,302,0.0302690582959641
"PL",224,302,0.03125
"PL",225,302,0.0288888888888889
"PL",226,302,0.0298672566371681
"PL",227,302,0.0286343612334802
"PL",228,302,0.0307017543859649
"PL",229,302,0.0294759825327511
"PL",230,302,0.0304347826086956
"PL",231,302,0.0303030303030303
"PL",232,302,0.0290948275862069
"PL",233,302,0.0289699570815451
"PL",234,302,0.0267094017094017
"PL",235,302,0.0287234042553191
"PL",236,302,0.0286016949152542
"PL",237,302,0.0305907172995781
"PL",238,302,0.0294117647058824
"PL",239,302,0.0271966527196653
"PL",240,302,0.0291666666666667
"PL",241,302,0.0269709543568465
"PL",242,302,0.0258264462809917
"PL",243,302,0.0267489711934156
"PL",244,302,0.0235655737704918
"PL",245,302,0.0214285714285714
"PL",246,302,0.0193089430894309
"PL",247,302,0.0192307692307692
"PL",248,302,0.0191532258064516
"PL",249,302,0.0190763052208835
"PL",250,302,0.018
"PL",251,302,0.0169322709163347
"PL",252,302,0.0148809523809524
"PL",253,302,0.0158102766798419
"PL",254,302,0.0167322834645669
"PL",255,302,0.0166666666666667
"PL",256,302,0.0166015625
"PL",257,302,0.0175097276264591
"PL",258,302,0.0174418604651163
"PL",259,302,0.0164092664092664
"PL",260,302,0.0173076923076923
"PL",261,302,0.0162835249042146
"PL",262,302,0.0143129770992366
"PL",263,302,0.0161596958174905
"PL",264,302,0.0151515151515152
"PL",265,302,0.0150943396226415
"PL",266,302,0.0159774436090226
"PL",267,302,0.0168539325842697
"PL",268,302,0.0186567164179104
"PL",269,302,0.0204460966542751
"PL",270,302,0.0194444444444444
"PL",271,302,0.0166051660516605
"PL",272,302,0.0183823529411765
"PL",273,302,0.0173992673992674
"PL",274,302,0.0164233576642336
"PL",275,302,0.0163636363636364
"PL",276,302,0.016304347826087
"PL",277,302,0.0153429602888087
"PL",278,302,0.0143884892086331
"PL",279,302,0.0152329749103943
"PL",280,302,0.0151785714285714
"PL",281,302,0.0142348754448399
"PL",282,302,0.0124113475177305
"PL",283,302,0.0114840989399293
"PL",284,302,0.00880281690140845
"PL",285,302,0.00789473684210526
"PL",286,302,0.00786713286713287
"PL",287,302,0.00871080139372822
"PL",288,302,0.00868055555555556
"PL",289,302,0.00865051903114187
"PL",290,302,0.00948275862068966
"PL",291,302,0.00859106529209622
"PL",292,302,0.00856164383561644
"PL",293,302,0.0102389078498294
"PL",294,302,0.00850340136054422
"PL",295,302,0.00847457627118644
"PL",296,302,0.00844594594594595
"PL",297,302,0.00673400673400673
"PL",298,302,0.0075503355704698
"PL",299,302,0.00501672240802676
"PL",300,302,0.0025
"PL",301,302,0.00166112956810631
"PL",302,302,0
"RO",2,149,0.125
"RO",3,149,0.25
"RO",4,149,0.0625
"RO",5,149,0
"RO",6,149,0
"RO",7,149,0.0357142857142857
"RO",8,149,0
"RO",9,149,0
"RO",10,149,0
"RO",11,149,0.0227272727272727
"RO",12,149,0.0208333333333333
"RO",13,149,0.0576923076923077
"RO",14,149,0.0357142857142857
"RO",15,149,0.05
"RO",16,149,0.03125
"RO",17,149,0.0147058823529412
"RO",18,149,0
"RO",19,149,0.0263157894736842
"RO",20,149,0.025
"RO",21,149,0.0476190476190476
"RO",22,149,0.0340909090909091
"RO",23,149,0.0543478260869565
"RO",24,149,0.0416666666666667
"RO",25,149,0.07
"RO",26,149,0.0673076923076923
"RO",27,149,0.0555555555555556
"RO",28,149,0.0446428571428571
"RO",29,149,0.0517241379310345
"RO",30,149,0.0416666666666667
"RO",31,149,0.0483870967741935
"RO",32,149,0.0390625
"RO",33,149,0.0454545454545455
"RO",34,149,0.0441176470588235
"RO",35,149,0.05
"RO",36,149,0.0347222222222222
"RO",37,149,0.0405405405405405
"RO",38,149,0.0328947368421053
"RO",39,149,0.0384615384615385
"RO",40,149,0.04375
"RO",41,149,0.0304878048780488
"RO",42,149,0.0238095238095238
"RO",43,149,0.0290697674418605
"RO",44,149,0.0397727272727273
"RO",45,149,0.0333333333333333
"RO",46,149,0.0380434782608696
"RO",47,149,0.0372340425531915
"RO",48,149,0.0364583333333333
"RO",49,149,0.0306122448979592
"RO",50,149,0.03
"RO",51,149,0.0343137254901961
"RO",52,149,0.0384615384615385
"RO",53,149,0.0424528301886792
"RO",54,149,0.037037037037037
"RO",55,149,0.0454545454545455
"RO",56,149,0.0446428571428571
"RO",57,149,0.0394736842105263
"RO",58,149,0.0344827586206897
"RO",59,149,0.0296610169491525
"RO",60,149,0.0333333333333333
"RO",61,149,0.0368852459016393
"RO",62,149,0.0362903225806452
"RO",63,149,0.0436507936507936
"RO",64,149,0.0390625
"RO",65,149,0.0346153846153846
"RO",66,149,0.0303030303030303
"RO",67,149,0.0335820895522388
"RO",68,149,0.0330882352941176
"RO",69,149,0.036231884057971
"RO",70,149,0.0392857142857143
"RO",71,149,0.0352112676056338
"RO",72,149,0.0381944444444444
"RO",73,149,0.0376712328767123
"RO",74,149,0.0371621621621622
"RO",75,149,0.03
"RO",76,149,0.0328947368421053
"RO",77,149,0.0357142857142857
"RO",78,149,0.0384615384615385
"RO",79,149,0.0379746835443038
"RO",80,149,0.0375
"RO",81,149,0.0308641975308642
"RO",82,149,0.0335365853658537
"RO",83,149,0.0331325301204819
"RO",84,149,0.0267857142857143
"RO",85,149,0.0294117647058824
"RO",86,149,0.0319767441860465
"RO",87,149,0.0258620689655172
"RO",88,149,0.0198863636363636
"RO",89,149,0.0252808988764045
"RO",90,149,0.025
"RO",91,149,0.021978021978022
"RO",92,149,0.0217391304347826
"RO",93,149,0.0188172043010753
"RO",94,149,0.023936170212766
"RO",95,149,0.0289473684210526
"RO",96,149,0.0286458333333333
"RO",97,149,0.0309278350515464
"RO",98,149,0.0357142857142857
"RO",99,149,0.0353535353535354
"RO",100,149,0.035
"RO",101,149,0.0396039603960396
"RO",102,149,0.0343137254901961
"RO",103,149,0.0339805825242718
"RO",104,149,0.03125
"RO",105,149,0.0380952380952381
"RO",106,149,0.0377358490566038
"RO",107,149,0.0373831775700935
"RO",108,149,0.037037037037037
"RO",109,149,0.036697247706422
"RO",110,149,0.0363636363636364
"RO",111,149,0.0337837837837838
"RO",112,149,0.0334821428571429
"RO",113,149,0.0331858407079646
"RO",114,149,0.0328947368421053
"RO",115,149,0.0326086956521739
"RO",116,149,0.0366379310344828
"RO",117,149,0.0320512820512821
"RO",118,149,0.0317796610169492
"RO",119,149,0.0315126050420168
"RO",120,149,0.0333333333333333
"RO",121,149,0.0309917355371901
"RO",122,149,0.0307377049180328
"RO",123,149,0.0284552845528455
"RO",124,149,0.0241935483870968
"RO",125,149,0.028
"RO",126,149,0.0257936507936508
"RO",127,149,0.0275590551181102
"RO",128,149,0.02734375
"RO",129,149,0.0271317829457364
"RO",130,149,0.0230769230769231
"RO",131,149,0.0209923664122137
"RO",132,149,0.0189393939393939
"RO",133,149,0.018796992481203
"RO",134,149,0.0167910447761194
"RO",135,149,0.012962962962963
"RO",136,149,0.0128676470588235
"RO",137,149,0.0145985401459854
"RO",138,149,0.0126811594202899
"RO",139,149,0.0143884892086331
"RO",140,149,0.0125
"RO",141,149,0.0141843971631206
"RO",142,149,0.00880281690140845
"RO",143,149,0.0104895104895105
"RO",144,149,0.00868055555555556
"RO",145,149,0.00689655172413793
"RO",146,149,0.00513698630136986
"RO",147,149,0.00680272108843537
"RO",148,149,0.00168918918918919
"RO",149,149,0
"UK",2,497,0
"UK",3,497,0
"UK",4,497,0.0625
"UK",5,497,0
"UK",6,497,0
"UK",7,497,0
"UK",8,497,0.03125
"UK",9,497,0.0277777777777778
"UK",10,497,0
"UK",11,497,0.0454545454545455
"UK",12,497,0.0625
"UK",13,497,0.0384615384615385
"UK",14,497,0
"UK",15,497,0.0166666666666667
"UK",16,497,0.03125
"UK",17,497,0.0294117647058824
"UK",18,497,0.0416666666666667
"UK",19,497,0.0526315789473684
"UK",20,497,0.0375
"UK",21,497,0.0357142857142857
"UK",22,497,0.0227272727272727
"UK",23,497,0.0326086956521739
"UK",24,497,0.0104166666666667
"UK",25,497,0.01
"UK",26,497,0.00961538461538462
"UK",27,497,0.0185185185185185
"UK",28,497,0.0267857142857143
"UK",29,497,0.0172413793103448
"UK",30,497,0.025
"UK",31,497,0.032258064516129
"UK",32,497,0.015625
"UK",33,497,0.00757575757575758
"UK",34,497,0.00735294117647059
"UK",35,497,0.0285714285714286
"UK",36,497,0.0208333333333333
"UK",37,497,0.0135135135135135
"UK",38,497,0.0197368421052632
"UK",39,497,0.0192307692307692
"UK",40,497,0.025
"UK",41,497,0.0304878048780488
"UK",42,497,0.0238095238095238
"UK",43,497,0.0232558139534884
"UK",44,497,0.0284090909090909
"UK",45,497,0.0333333333333333
"UK",46,497,0.0326086956521739
"UK",47,497,0.0319148936170213
"UK",48,497,0.0364583333333333
"UK",49,497,0.0357142857142857
"UK",50,497,0.04
"UK",51,497,0.0441176470588235
"UK",52,497,0.0432692307692308
"UK",53,497,0.0377358490566038
"UK",54,497,0.037037037037037
"UK",55,497,0.0227272727272727
"UK",56,497,0.0357142857142857
"UK",57,497,0.043859649122807
"UK",58,497,0.0387931034482759
"UK",59,497,0.038135593220339
"UK",60,497,0.0375
"UK",61,497,0.0368852459016393
"UK",62,497,0.0282258064516129
"UK",63,497,0.0198412698412698
"UK",64,497,0.02734375
"UK",65,497,0.0192307692307692
"UK",66,497,0.0227272727272727
"UK",67,497,0.0261194029850746
"UK",68,497,0.0220588235294118
"UK",69,497,0.0253623188405797
"UK",70,497,0.025
"UK",71,497,0.028169014084507
"UK",72,497,0.0277777777777778
"UK",73,497,0.0308219178082192
"UK",74,497,0.0337837837837838
"UK",75,497,0.0333333333333333
"UK",76,497,0.0296052631578947
"UK",77,497,0.025974025974026
"UK",78,497,0.0256410256410256
"UK",79,497,0.0316455696202532
"UK",80,497,0.034375
"UK",81,497,0.0339506172839506
"UK",82,497,0.0274390243902439
"UK",83,497,0.0271084337349398
"UK",84,497,0.0267857142857143
"UK",85,497,0.0235294117647059
"UK",86,497,0.0232558139534884
"UK",87,497,0.0258620689655172
"UK",88,497,0.0227272727272727
"UK",89,497,0.0168539325842697
"UK",90,497,0.0194444444444444
"UK",91,497,0.021978021978022
"UK",92,497,0.016304347826087
"UK",93,497,0.0188172043010753
"UK",94,497,0.0265957446808511
"UK",95,497,0.0236842105263158
"UK",96,497,0.0286458333333333
"UK",97,497,0.0231958762886598
"UK",98,497,0.0204081632653061
"UK",99,497,0.0202020202020202
"UK",100,497,0.025
"UK",101,497,0.0272277227722772
"UK",102,497,0.0269607843137255
"UK",103,497,0.029126213592233
"UK",104,497,0.0240384615384615
"UK",105,497,0.0261904761904762
"UK",106,497,0.0283018867924528
"UK",107,497,0.0303738317757009
"UK",108,497,0.0277777777777778
"UK",109,497,0.0344036697247706
"UK",110,497,0.0318181818181818
"UK",111,497,0.0337837837837838
"UK",112,497,0.0357142857142857
"UK",113,497,0.0331858407079646
"UK",114,497,0.0285087719298246
"UK",115,497,0.0304347826086957
"UK",116,497,0.0323275862068966
"UK",117,497,0.0341880341880342
"UK",118,497,0.0296610169491525
"UK",119,497,0.0294117647058824
"UK",120,497,0.0291666666666667
"UK",121,497,0.0289256198347107
"UK",122,497,0.0245901639344262
"UK",123,497,0.024390243902439
"UK",124,497,0.0262096774193548
"UK",125,497,0.03
"UK",126,497,0.0317460317460317
"UK",127,497,0.0334645669291339
"UK",128,497,0.03125
"UK",129,497,0.0310077519379845
"UK",130,497,0.0346153846153846
"UK",131,497,0.0343511450381679
"UK",132,497,0.0340909090909091
"UK",133,497,0.0357142857142857
"UK",134,497,0.0335820895522388
"UK",135,497,0.0296296296296296
"UK",136,497,0.03125
"UK",137,497,0.031021897810219
"UK",138,497,0.0289855072463768
"UK",139,497,0.0251798561151079
"UK",140,497,0.025
"UK",141,497,0.0283687943262411
"UK",142,497,0.0264084507042254
"UK",143,497,0.0244755244755245
"UK",144,497,0.0260416666666667
"UK",145,497,0.0258620689655172
"UK",146,497,0.023972602739726
"UK",147,497,0.0238095238095238
"UK",148,497,0.0253378378378378
"UK",149,497,0.0251677852348993
"UK",150,497,0.025
"UK",151,497,0.0264900662251656
"UK",152,497,0.0296052631578947
"UK",153,497,0.0294117647058824
"UK",154,497,0.0292207792207792
"UK",155,497,0.0306451612903226
"UK",156,497,0.0304487179487179
"UK",157,497,0.0286624203821656
"UK",158,497,0.0300632911392405
"UK",159,497,0.0283018867924528
"UK",160,497,0.0265625
"UK",161,497,0.0295031055900621
"UK",162,497,0.0262345679012346
"UK",163,497,0.0276073619631902
"UK",164,497,0.024390243902439
"UK",165,497,0.0257575757575758
"UK",166,497,0.0286144578313253
"UK",167,497,0.029940119760479
"UK",168,497,0.0267857142857143
"UK",169,497,0.0251479289940828
"UK",170,497,0.025
"UK",171,497,0.0233918128654971
"UK",172,497,0.0232558139534884
"UK",173,497,0.023121387283237
"UK",174,497,0.0229885057471264
"UK",175,497,0.0214285714285714
"UK",176,497,0.0198863636363636
"UK",177,497,0.0225988700564972
"UK",178,497,0.026685393258427
"UK",179,497,0.0279329608938547
"UK",180,497,0.0277777777777778
"UK",181,497,0.0276243093922652
"UK",182,497,0.0302197802197802
"UK",183,497,0.0300546448087432
"UK",184,497,0.0271739130434783
"UK",185,497,0.0283783783783784
"UK",186,497,0.0282258064516129
"UK",187,497,0.0294117647058824
"UK",188,497,0.0305851063829787
"UK",189,497,0.0317460317460317
"UK",190,497,0.0355263157894737
"UK",191,497,0.0353403141361257
"UK",192,497,0.03515625
"UK",193,497,0.0362694300518135
"UK",194,497,0.0360824742268041
"UK",195,497,0.0358974358974359
"UK",196,497,0.0357142857142857
"UK",197,497,0.0342639593908629
"UK",198,497,0.0340909090909091
"UK",199,497,0.0339195979899497
"UK",200,497,0.03125
"UK",201,497,0.0310945273631841
"UK",202,497,0.0309405940594059
"UK",203,497,0.0295566502463054
"UK",204,497,0.0318627450980392
"UK",205,497,0.0304878048780488
"UK",206,497,0.029126213592233
"UK",207,497,0.0326086956521739
"UK",208,497,0.03125
"UK",209,497,0.0287081339712919
"UK",210,497,0.030952380952381
"UK",211,497,0.0308056872037915
"UK",212,497,0.0306603773584906
"UK",213,497,0.0305164319248826
"UK",214,497,0.0338785046728972
"UK",215,497,0.0337209302325581
"UK",216,497,0.0358796296296296
"UK",217,497,0.0345622119815668
"UK",218,497,0.0355504587155963
"UK",219,497,0.0331050228310502
"UK",220,497,0.0329545454545455
"UK",221,497,0.0339366515837104
"UK",222,497,0.0315315315315315
"UK",223,497,0.0325112107623318
"UK",224,497,0.0323660714285714
"UK",225,497,0.0322222222222222
"UK",226,497,0.0331858407079646
"UK",227,497,0.0363436123348018
"UK",228,497,0.0328947368421053
"UK",229,497,0.0338427947598253
"UK",230,497,0.0326086956521739
"UK",231,497,0.0346320346320346
"UK",232,497,0.0334051724137931
"UK",233,497,0.0321888412017167
"UK",234,497,0.0331196581196581
"UK",235,497,0.0340425531914894
"UK",236,497,0.0338983050847458
"UK",237,497,0.0348101265822785
"UK",238,497,0.032563025210084
"UK",239,497,0.0334728033472803
"UK",240,497,0.0322916666666667
"UK",241,497,0.0311203319502075
"UK",242,497,0.0320247933884298
"UK",243,497,0.0329218106995885
"UK",244,497,0.0327868852459016
"UK",245,497,0.0326530612244898
"UK",246,497,0.0315040650406504
"UK",247,497,0.0313765182186235
"UK",248,497,0.030241935483871
"UK",249,497,0.0291164658634538
"UK",250,497,0.027
"UK",251,497,0.0278884462151394
"UK",252,497,0.0277777777777778
"UK",253,497,0.0286561264822134
"UK",254,497,0.0285433070866142
"UK",255,497,0.0294117647058824
"UK",256,497,0.03125
"UK",257,497,0.0301556420233463
"UK",258,497,0.0300387596899225
"UK",259,497,0.0318532818532819
"UK",260,497,0.0326923076923077
"UK",261,497,0.0335249042145594
"UK",262,497,0.0343511450381679
"UK",263,497,0.032319391634981
"UK",264,497,0.03125
"UK",265,497,0.0311320754716981
"UK",266,497,0.0291353383458647
"UK",267,497,0.0290262172284644
"UK",268,497,0.0298507462686567
"UK",269,497,0.0297397769516729
"UK",270,497,0.0305555555555556
"UK",271,497,0.029520295202952
"UK",272,497,0.0275735294117647
"UK",273,497,0.0283882783882784
"UK",274,497,0.0301094890510949
"UK",275,497,0.0327272727272727
"UK",276,497,0.0317028985507246
"UK",277,497,0.0333935018050542
"UK",278,497,0.033273381294964
"UK",279,497,0.0313620071684588
"UK",280,497,0.03125
"UK",281,497,0.0329181494661922
"UK",282,497,0.0319148936170213
"UK",283,497,0.0326855123674912
"UK",284,497,0.0334507042253521
"UK",285,497,0.0359649122807018
"UK",286,497,0.0367132867132867
"UK",287,497,0.039198606271777
"UK",288,497,0.0390625
"UK",289,497,0.0397923875432526
"UK",290,497,0.0396551724137931
"UK",291,497,0.0395189003436426
"UK",292,497,0.038527397260274
"UK",293,497,0.0392491467576792
"UK",294,497,0.0391156462585034
"UK",295,497,0.0398305084745763
"UK",296,497,0.0405405405405405
"UK",297,497,0.0404040404040404
"UK",298,497,0.0385906040268456
"UK",299,497,0.0392976588628763
"UK",300,497,0.0383333333333333
"UK",301,497,0.037375415282392
"UK",302,497,0.0372516556291391
"UK",303,497,0.037953795379538
"UK",304,497,0.0361842105263158
"UK",305,497,0.0368852459016393
"UK",306,497,0.0383986928104575
"UK",307,497,0.0382736156351792
"UK",308,497,0.038961038961039
"UK",309,497,0.0380258899676375
"UK",310,497,0.0395161290322581
"UK",311,497,0.0409967845659164
"UK",312,497,0.0408653846153846
"UK",313,497,0.0391373801916933
"UK",314,497,0.0374203821656051
"UK",315,497,0.0357142857142857
"UK",316,497,0.0356012658227848
"UK",317,497,0.0347003154574132
"UK",318,497,0.035377358490566
"UK",319,497,0.0344827586206897
"UK",320,497,0.034375
"UK",321,497,0.0350467289719626
"UK",322,497,0.0349378881987578
"UK",323,497,0.0356037151702786
"UK",324,497,0.0362654320987654
"UK",325,497,0.0361538461538462
"UK",326,497,0.0360429447852761
"UK",327,497,0.036697247706422
"UK",328,497,0.038109756097561
"UK",329,497,0.0379939209726444
"UK",330,497,0.0378787878787879
"UK",331,497,0.0385196374622356
"UK",332,497,0.0399096385542169
"UK",333,497,0.039039039039039
"UK",334,497,0.0389221556886228
"UK",335,497,0.0395522388059701
"UK",336,497,0.037202380952381
"UK",337,497,0.03486646884273
"UK",338,497,0.0347633136094675
"UK",339,497,0.0353982300884956
"UK",340,497,0.0345588235294118
"UK",341,497,0.0337243401759531
"UK",342,497,0.033625730994152
"UK",343,497,0.0342565597667638
"UK",344,497,0.0356104651162791
"UK",345,497,0.036231884057971
"UK",346,497,0.0361271676300578
"UK",347,497,0.0360230547550432
"UK",348,497,0.0352011494252874
"UK",349,497,0.0351002865329513
"UK",350,497,0.035
"UK",351,497,0.0334757834757835
"UK",352,497,0.0326704545454545
"UK",353,497,0.0318696883852691
"UK",354,497,0.0303672316384181
"UK",355,497,0.0316901408450704
"UK",356,497,0.0330056179775281
"UK",357,497,0.0329131652661064
"UK",358,497,0.0342178770949721
"UK",359,497,0.0334261838440111
"UK",360,497,0.0326388888888889
"UK",361,497,0.0332409972299169
"UK",362,497,0.031767955801105
"UK",363,497,0.0309917355371901
"UK",364,497,0.0309065934065934
"UK",365,497,0.0321917808219178
"UK",366,497,0.0334699453551913
"UK",367,497,0.0340599455040872
"UK",368,497,0.0326086956521739
"UK",369,497,0.0338753387533875
"UK",370,497,0.0324324324324324
"UK",371,497,0.0316711590296496
"UK",372,497,0.0315860215053763
"UK",373,497,0.032171581769437
"UK",374,497,0.0347593582887701
"UK",375,497,0.0353333333333333
"UK",376,497,0.0339095744680851
"UK",377,497,0.0324933687002653
"UK",378,497,0.0330687830687831
"UK",379,497,0.0316622691292876
"UK",380,497,0.0322368421052632
"UK",381,497,0.0321522309711286
"UK",382,497,0.031413612565445
"UK",383,497,0.033289817232376
"UK",384,497,0.0325520833333333
"UK",385,497,0.0324675324675325
"UK",386,497,0.0323834196891192
"UK",387,497,0.0316537467700258
"UK",388,497,0.0309278350515464
"UK",389,497,0.0302056555269923
"UK",390,497,0.0301282051282051
"UK",391,497,0.030690537084399
"UK",392,497,0.0318877551020408
"UK",393,497,0.0324427480916031
"UK",394,497,0.0323604060913706
"UK",395,497,0.0322784810126582
"UK",396,497,0.0328282828282828
"UK",397,497,0.0327455919395466
"UK",398,497,0.032035175879397
"UK",399,497,0.0319548872180451
"UK",400,497,0.0325
"UK",401,497,0.0330423940149626
"UK",402,497,0.0317164179104478
"UK",403,497,0.0316377171215881
"UK",404,497,0.0315594059405941
"UK",405,497,0.0314814814814815
"UK",406,497,0.0326354679802956
"UK",407,497,0.0319410319410319
"UK",408,497,0.0324754901960784
"UK",409,497,0.0323960880195599
"UK",410,497,0.0329268292682927
"UK",411,497,0.0340632603406326
"UK",412,497,0.0327669902912621
"UK",413,497,0.0332929782082324
"UK",414,497,0.0332125603864734
"UK",415,497,0.0325301204819277
"UK",416,497,0.0318509615384615
"UK",417,497,0.0311750599520384
"UK",418,497,0.0311004784688995
"UK",419,497,0.0304295942720764
"UK",420,497,0.0303571428571429
"UK",421,497,0.0308788598574822
"UK",422,497,0.0313981042654028
"UK",423,497,0.0301418439716312
"UK",424,497,0.0294811320754717
"UK",425,497,0.0288235294117647
"UK",426,497,0.028169014084507
"UK",427,497,0.0286885245901639
"UK",428,497,0.0292056074766355
"UK",429,497,0.0303030303030303
"UK",430,497,0.0302325581395349
"UK",431,497,0.0295823665893271
"UK",432,497,0.0289351851851852
"UK",433,497,0.0282909930715935
"UK",434,497,0.0264976958525346
"UK",435,497,0.0270114942528736
"UK",436,497,0.0263761467889908
"UK",437,497,0.0263157894736842
"UK",438,497,0.0256849315068493
"UK",439,497,0.025626423690205
"UK",440,497,0.0244318181818182
"UK",441,497,0.0238095238095238
"UK",442,497,0.0243212669683258
"UK",443,497,0.02313769751693
"UK",444,497,0.0219594594594595
"UK",445,497,0.0219101123595506
"UK",446,497,0.0224215246636771
"UK",447,497,0.0223713646532438
"UK",448,497,0.0223214285714286
"UK",449,497,0.0217149220489978
"UK",450,497,0.0222222222222222
"UK",451,497,0.0216186252771619
"UK",452,497,0.021570796460177
"UK",453,497,0.0209713024282561
"UK",454,497,0.0209251101321586
"UK",455,497,0.0208791208791209
"UK",456,497,0.0213815789473684
"UK",457,497,0.0202407002188184
"UK",458,497,0.0196506550218341
"UK",459,497,0.0196078431372549
"UK",460,497,0.0190217391304348
"UK",461,497,0.0195227765726681
"UK",462,497,0.020021645021645
"UK",463,497,0.0183585313174946
"UK",464,497,0.0177801724137931
"UK",465,497,0.0188172043010753
"UK",466,497,0.0187768240343348
"UK",467,497,0.019271948608137
"UK",468,497,0.0186965811965812
"UK",469,497,0.0181236673773987
"UK",470,497,0.0191489361702128
"UK",471,497,0.0191082802547771
"UK",472,497,0.0185381355932203
"UK",473,497,0.0184989429175476
"UK",474,497,0.0179324894514768
"UK",475,497,0.0173684210526316
"UK",476,497,0.0168067226890756
"UK",477,497,0.0157232704402516
"UK",478,497,0.0156903765690377
"UK",479,497,0.0146137787056367
"UK",480,497,0.0125
"UK",481,497,0.0114345114345114
"UK",482,497,0.0108921161825726
"UK",483,497,0.0093167701863354
"UK",484,497,0.00826446280991736
"UK",485,497,0.00721649484536082
"UK",486,497,0.00617283950617284
"UK",487,497,0.00564681724845996
"UK",488,497,0.00512295081967213
"UK",489,497,0.00408997955010225
"UK",490,497,0.00255102040816327
"UK",491,497,0.00152749490835031
"UK",492,497,0.00152439024390244
"UK",493,497,0.00152129817444219
"UK",494,497,0.00101214574898785
"UK",495,497,0.000505050505050505
"UK",496,497,0.000504032258064516
"UK",497,497,0
